Track ID,Track Name,Album Name,Artist Name(s),Release Date,Duration (ms),Popularity,Added By,Added At,Genres,Record Label,Danceability,Energy,Key,Loudness,Mode,Speechiness,Acousticness,Instrumentalness,Liveness,Valence,Tempo,Time Signature
2qId7Rt7QSsXQqQ5KDdRHf,"Pure","Faraway","Jia Peng Fang",2002-10-01,140866,43,dwnqcz9j6flzux88m2by49d4d,2022-05-09T02:18:07Z,"música tradicional,gufeng","Pacific Moon",0.277,0.279,4,-8.272,0,0.0329,0.883,0.481,0.105,0.0773,71.098,3
3rnA3gPOJsLGdXZW8lSisb,"Jin Sakai","Ghost of Tsushima (Music from the Video Game)","Ilan Eshkeri",2020-07-17,171840,46,dwnqcz9j6flzux88m2by49d4d,2022-05-09T02:18:41Z,"banda sonora","Masterworks",0.428,0.442,7,-14.255,0,0.0421,0.398,0.856,0.112,0.135,83.995,4
6MhQ3C00sl72D0N3vS3ZOt,"Moonlight","Breathing Spaces","Jiang Xiao-Qing",2002-04-02,234333,44,dwnqcz9j6flzux88m2by49d4d,2023-04-08T22:27:36Z,"música tradicional","Pacific Moon",0.557,0.166,4,-18.556,0,0.0489,0.949,0.715,0.377,0.109,136.449,4
7a1zxvlYZWj51Yxg3ddK6a,"Waiting - From The Banquet Original Soundtrack","Dreams Of China","Tan Dun,Lang Lang,Shanghai Symphony Orchestra,Gao Jian",2008-01-01,125973,30,dwnqcz9j6flzux88m2by49d4d,2022-05-09T02:19:02Z,"piano clásico,clásica","Deutsche Grammophon (DG)",0.194,0.0331,9,-28.416,1,0.0321,0.978,0.972,0.0971,0.0806,93.271,5
7yCx4bOy4pSoQBsm03CwQu,"Chinese Shop","Lotus Blossoms","Derek Fiechter,Brandon Fiechter",2018-04-07,215265,42,dwnqcz9j6flzux88m2by49d4d,2022-05-09T02:19:10Z,"medieval,celta","Derek Fiechter & Brandon Fiechter",0.39,0.115,3,-17.916,0,0.0379,0.868,0.892,0.109,0.156,77.022,4
4szbKg9d43GewBB2Nv3CcP,"Ancestral Tradition","Traditions d' Asie : Chine","Jaya Satria",2010-12-01,186480,42,dwnqcz9j6flzux88m2by49d4d,2023-04-08T22:27:40Z,"música tradicional","Origins Zen Media",0.478,0.167,11,-17.79,0,0.0366,0.957,0.846,0.105,0.347,87.341,4
32fpjFWqEoEhGh4bN8iCD7,"My Long Way Home","Lament In The River Mansion","Zhou Yu",1998-01-01,361000,35,dwnqcz9j6flzux88m2by49d4d,2022-05-09T02:19:33Z,"música tradicional","China Record Corporation",0.31,0.0465,7,-20.265,1,0.0452,0.974,0.939,0.0937,0.196,86.829,4
3lH9wUXOyASljAFm1ZUmaZ,"Night of Beijing","Rainbow","Jia Peng Fang",2000-10-17,250400,40,dwnqcz9j6flzux88m2by49d4d,2022-05-09T02:19:50Z,"música tradicional,gufeng","Pacific Moon",0.321,0.381,4,-8.657,0,0.0299,0.489,0.00358,0.0932,0.256,110.731,3
7vZCViayCZr9sDFJbg5xh5,"Wild Rose","Orchid","Shao Rong",2001-01-09,279760,38,dwnqcz9j6flzux88m2by49d4d,2023-04-08T22:27:43Z,"música tradicional","Pacific Moon",0.574,0.316,7,-11.43,1,0.0317,0.706,0.094,0.132,0.197,116.015,3
7Ht9Os46anmwP3zhZcZfbJ,"Winter Sky","Breathing Spaces","Jiang Xiao-Qing",2002-04-02,329693,36,dwnqcz9j6flzux88m2by49d4d,2023-04-08T22:27:53Z,"música tradicional","Pacific Moon",0.51,0.262,5,-13.541,1,0.032,0.884,0.9,0.222,0.0867,139.836,4
3egrGdEZEWw05B4va4RU9V,"Shangri-La","Road to Oasis","Missa Johnouchi & the Li-Hua Ensemble",2002-02-05,275933,31,dwnqcz9j6flzux88m2by49d4d,2023-04-08T22:27:52Z,"música tradicional","Pacific Moon",0.158,0.316,2,-12.254,1,0.0356,0.783,0.657,0.248,0.073,74.515,4
42cqq6EUcAtE4NVQCxBtVF,"Chatting with an Old Friend by the Window","Chinese Bamboo Flute: Studio 102 Essentials","Chinese Bamboo Flute Orchestra",2008-01-01,352893,0,dwnqcz9j6flzux88m2by49d4d,2023-04-08T22:27:50Z,"","Suite 102",0.113,0.242,2,-14.515,1,0.0379,0.728,0.0142,0.107,0.154,52.914,4
7KrgQoyvrQRyfmKJEUvuku,"Eternal Prayer","Kaori","Eri Sugai",2005-04-05,332106,27,dwnqcz9j6flzux88m2by49d4d,2022-05-09T02:20:08Z,"","Pacific Moon",0.188,0.0614,9,-19.766,0,0.0459,0.993,0.0248,0.0585,0.0711,92.809,3
2vN9jt7bweiKIzvSyvf3Oa,"Bokyo (Harukana Tabi/Distant Travels) - From Tv Sound Track - Nhk Special","Jia Peng Fang Best/Erhu","Jia Peng Fang",2004-06-08,125733,41,dwnqcz9j6flzux88m2by49d4d,2022-05-09T02:20:35Z,"música tradicional,gufeng","Pacific Moon",0.238,0.254,9,-10.285,0,0.0342,0.804,0.679,0.316,0.135,76.861,4
6evXUdoxDyGQdIrX6t56G3,"Rainbow","Rainbow","Jia Peng Fang",2000-10-17,260200,37,dwnqcz9j6flzux88m2by49d4d,2022-05-09T02:20:43Z,"música tradicional,gufeng","Pacific Moon",0.115,0.275,2,-10.844,1,0.0365,0.811,0.0116,0.0754,0.0394,166.435,3
4D82DnMWIP26lDTYWMOwK3,"SAKURA","和楽器で桜","Aun J-Classic Orchestra",2010,354386,32,dwnqcz9j6flzux88m2by49d4d,2022-05-09T02:20:49Z,"música clásica japonesa,música tradicional","HEART TREE",0.469,0.501,5,-6.803,0,0.0306,0.74,0.579,0.117,0.158,152.029,4
1bI19QFDDj3mPM4JjgQmoz,"Flute of Mysteries","The Tea House","Brandon Fiechter",2017-07-03,210000,37,dwnqcz9j6flzux88m2by49d4d,2022-05-09T02:20:57Z,"medieval,celta","Various Artists",0.438,0.299,3,-16.442,0,0.0344,0.987,0.958,0.176,0.374,81.942,4
4gGISIowidA8ceYKof0H9F,"Hana","Hanami","Chasing Mirrors",2020-10-30,182857,0,dwnqcz9j6flzux88m2by49d4d,2022-05-09T02:21:05Z,"anime","Wander World Music",0.865,0.208,8,-10.163,1,0.04,0.954,0.9,0.0922,0.527,104.948,4
2WXiwSIdEiuyg5wMagdxug,"Saika","Saika","Crescent Sun",2021-05-19,150525,9,dwnqcz9j6flzux88m2by49d4d,2022-05-09T02:21:13Z,"anime","Wander World Music",0.505,0.29,0,-15.491,0,0.037,0.772,0.88,0.0984,0.0377,140.022,3
7fLQsx9ahfyZ3ewTjzMnGK,"The Place Where Wishes Come True","The Place Where Wishes Come True","Kokei",2021-04-01,167637,3,dwnqcz9j6flzux88m2by49d4d,2022-05-09T02:21:21Z,"anime","Wander World Music",0.336,0.323,2,-9.673,1,0.031,0.0889,0.23,0.0924,0.27,67.962,4
2rIW6VbzESib5NhngjOOIn,"Sons de Flauta Relaxante","Sons de Flauta Relaxante – Tranquilidade, Paz, Harmonia, Mente Leve, Sono Restaurador, Música Calmante","Magic New Age Music Masters",2018-09-24,235529,25,dwnqcz9j6flzux88m2by49d4d,2022-05-09T02:21:41Z,"","MusicArt Project",0.191,0.0364,10,-26.203,1,0.0437,0.99,0.959,0.0916,0.181,70.092,4
0q3OwstPHDFpHRGIF6RDk7,"Flauta Oriental","50 Canciones para Meditar - Sonidos Naturales para Sanar el Alma y Dormir Profundamente","Serenidad Alves",2016-03-14,384893,23,dwnqcz9j6flzux88m2by49d4d,2022-05-09T02:22:23Z,"","Green New Age",0.172,0.148,1,-21.697,0,0.0426,0.956,0.93,0.0965,0.0701,137.539,5
3CXRTQT2TZsQefoqLtpSiD,"Flute Sky","Flute Cosmic","Jonathan",2022-04-18,66089,0,dwnqcz9j6flzux88m2by49d4d,2022-05-09T02:22:28Z,"gufeng","Sound Relax",0.549,0.171,7,-16.55,0,0.0357,0.953,0.783,0.166,0.224,117.056,4
5eilufXSwa2J4aLf76joOC,"Related Wish to Star","Sky's Violin, Vol. 1","Sky",2011-07-01,200017,26,dwnqcz9j6flzux88m2by49d4d,2022-05-09T02:22:35Z,"","Sky's Music",0.369,0.187,2,-11.864,0,0.0352,0.975,0.568,0.105,0.189,139.721,4
5Bopcl6UEcAwJqFOGagI8C,"Requiem","Rest & Recover 003","Tasogare,Amnesia",2020-12-28,224900,41,dwnqcz9j6flzux88m2by49d4d,2022-05-09T02:22:46Z,"anime,bassline","HOT-Q",0.64,0.304,4,-5.447,0,0.0277,0.975,0.0000519,0.319,0.343,84.857,4
7wYz61TWFPFdox41S6Agcc,"A Water Lily","Faraway","Jia Peng Fang",2002-10-01,324973,38,dwnqcz9j6flzux88m2by49d4d,2022-05-09T02:23:15Z,"música tradicional,gufeng","Pacific Moon",0.221,0.33,7,-8.361,0,0.0318,0.925,0.373,0.0753,0.243,82.974,4
4eQns5OcesUOWzhbDK8rw1,"Sakura Blossoms","China and Japan","Derek Fiechter",2015-07-11,163333,32,dwnqcz9j6flzux88m2by49d4d,2022-05-09T02:23:19Z,"medieval,celta","Various Artists",0.584,0.081,7,-14.869,0,0.0356,0.993,0.956,0.195,0.641,90.043,4
3wYOTH0pLj1tgiV2WMLKeR,"A Day in Spring","Dream","Naoyuki Onda",1999-08-24,228920,31,dwnqcz9j6flzux88m2by49d4d,2022-05-09T02:23:20Z,"","Pacific Moon",0.371,0.3,7,-10.882,1,0.0298,0.97,0.895,0.172,0.129,170.548,4
5u7AGKNwWI9uJyS3yyfJ6v,"Healing Waters","The Tea House","Derek Fiechter",2017-07-03,216369,37,dwnqcz9j6flzux88m2by49d4d,2022-05-09T02:23:21Z,"medieval,celta","Various Artists",0.559,0.0251,7,-17.213,0,0.0325,0.994,0.897,0.152,0.326,145.96,3
2JRWMtZ28LjplxigicpFu7,"Silent Moon-1 - Studio Live Version","Jia Peng Fang Best/Erhu","Jia Peng Fang",2004-06-08,233040,33,dwnqcz9j6flzux88m2by49d4d,2022-05-09T02:23:21Z,"música tradicional,gufeng","Pacific Moon",0.261,0.262,7,-8.403,0,0.0329,0.933,0.528,0.115,0.141,80.035,4
4HBsyDGx0TONniGVVtfnhV,"Fishing Village","Inns and Villages","Derek Fiechter",2015-05-30,237906,41,dwnqcz9j6flzux88m2by49d4d,2022-05-09T02:23:24Z,"medieval,celta","Various Artists",0.589,0.435,5,-14.08,0,0.0255,0.908,0.899,0.12,0.553,172.164,4
4AAdQlTSSzoCMbD5SH8scN,"The Geisha and the Samurai","Desert, Vol. 6","Stefan Johansson",2015-12-03,190000,24,dwnqcz9j6flzux88m2by49d4d,2022-05-09T02:23:31Z,"música clásica japonesa,música tradicional,visor","Rosenklang",0.586,0.378,0,-22.61,1,0.0405,0.134,0.539,0.0606,0.135,119.992,4
2oHYaH854PhDD1c12ZWKgr,"Miss Sheherdess","The Art of the Chinese Erhu","Zhou Yu",2016-01-29,173133,34,dwnqcz9j6flzux88m2by49d4d,2022-05-09T02:23:57Z,"música tradicional","ARC",0.343,0.0782,4,-19.666,0,0.0541,0.971,0.706,0.193,0.176,82.688,3
04Pz67xTLt7UBafUQKzrs3,"Guren [from Naruto Shippuuden]","Best Sad Songs from Naruto","Bird Of Pray",2012-12-07,229780,44,dwnqcz9j6flzux88m2by49d4d,2022-05-09T02:24:11Z,"anime","Cyber Chord Records",0.369,0.366,0,-5.991,0,0.037,0.792,0.899,0.0887,0.199,120.08,4
6Mt3iQLYvUqj0epBGmXGGT,"Utsusemi – Man of the World [from Naruto Shippuuden]","Best Sad Songs from Naruto","Bird Of Pray",2012-12-07,171847,43,dwnqcz9j6flzux88m2by49d4d,2022-05-09T02:24:16Z,"anime","Cyber Chord Records",0.289,0.479,2,-2.526,0,0.0341,0.737,0.933,0.224,0.12,99.783,4
2M9NWNg1e3Oc7VP65snZj2,"Itachi's Theme (From Naruto)","Itachi's Theme (From Naruto)","Melôdyne",2019-06-09,120960,0,dwnqcz9j6flzux88m2by49d4d,2022-05-09T02:24:22Z,"anime","iMD-Melôdyne",0.773,0.376,7,-12.617,0,0.0554,0.885,0.473,0.125,0.11,125.027,3
37hjEgZR2o92Vbmy8mmvEt,"Sakura, Sakura (Cherry Blossom Song)","Moonviewing","Duo En",2007-01-01,404000,28,dwnqcz9j6flzux88m2by49d4d,2022-05-09T02:25:16Z,"música clásica japonesa,música tradicional","Koto World",0.422,0.0791,7,-18.022,0,0.0515,0.987,0.479,0.0813,0.0865,125.121,3
00z1Un04ZkdnNDq47C0xW8,"Haru no Umi (The Sea in Spring)","Japanese Music by Michio Miyagi, Vol. 1","Yamato Ensemble",2007-01-01,478493,35,dwnqcz9j6flzux88m2by49d4d,2022-05-09T02:25:26Z,"música clásica japonesa,música tradicional","ARC",0.355,0.119,9,-18.61,1,0.0462,0.976,0.608,0.0802,0.394,81.658,4
6pbb2vlFpZd8FhvcFCsctI,"Shitsui – Despair [from Naruto Shippuuden]","Best Sad Songs from Naruto","Bird Of Pray",2012-12-07,111200,41,dwnqcz9j6flzux88m2by49d4d,2022-05-09T02:25:59Z,"anime","Cyber Chord Records",0.22,0.32,4,-4.915,0,0.0353,0.817,0.419,0.0829,0.0526,70.857,4
0Bt0mHvTFnw0C4nofH5z5z,"Chinese Lantern","Traditions d' Asie : Chine","Jaya Satria",2010-12-01,91493,38,dwnqcz9j6flzux88m2by49d4d,2022-05-09T02:26:36Z,"música tradicional","Origins Zen Media",0.428,0.262,11,-11.193,0,0.0402,0.804,0.155,0.111,0.385,80.052,4
2itp7lrU3LxVaZOboOeCs6,"High Mountain and Flowing Water","Emerging Lotus - Chinese Traditional Guzheng Music","Liu Fang",2005,358321,35,dwnqcz9j6flzux88m2by49d4d,2022-05-09T02:26:49Z,"música tradicional,música clásica japonesa","Philmultic",0.526,0.00901,2,-27.052,1,0.0411,0.994,0.825,0.0743,0.363,102.161,4
0TBZ2eVxV0pogm1nur3exx,"The Moon’s Reflection on the Lake","Apricot Blossoms Against to a Sky","Chang Jing,Dakang Li",2020-01-31,312866,0,dwnqcz9j6flzux88m2by49d4d,2022-05-09T02:27:46Z,"","Rhymoi",0.323,0.0867,11,-23.563,0,0.0443,0.954,0.926,0.24,0.0749,83.747,4
60KDOdj9i2A1v3ABF7rcGL,"Afternoon Forest Birds for Calm and Peaceful","Relaxing Sounds of Nature and Ambient Healing for Mediation, Relaxation, Sound Therapy and Deep Sleep","Sounds of Nature Relaxation",2007-07-19,300068,30,dwnqcz9j6flzux88m2by49d4d,2022-05-09T02:29:57Z,"","Hot Ideas",0.314,0.821,1,-22.514,1,0.252,0.89,0.861,0.355,0.0341,107.206,5
4z6PTDbUzXvvAvIVNu2ej7,"Zampoñas al Amanecer","Zampoñas Angelicales","Jamie Llewellyn",2014-05-30,469693,16,dwnqcz9j6flzux88m2by49d4d,2022-05-09T02:30:16Z,"","Paradise Music Ltd",0.557,0.213,10,-16.121,0,0.03,0.579,0.0385,0.274,0.0752,108.008,4
36TBk0NlI86lVbbot50Ycp,"El Mar (Sonidos Armónicos)","Musicoterapia Natural: Sonidos Sanador de la Naturaleza, Olas del Mar, Lluvia, Canto de los Pájaros, Ranas y Grillos","Academia de Música con Sonidos de la Naturaleza",2016-07-15,201741,25,dwnqcz9j6flzux88m2by49d4d,2022-05-09T02:30:27Z,"","2016 Real Nature Project",0.197,0.0345,7,-23.969,1,0.0494,0.95,0.912,0.149,0.109,114.102,4
199TOFLcLwoW2knx6OTC0l,"Lost in the Clouds","Lost in the Clouds","Zen Gaya",2019-03-25,204447,64,dwnqcz9j6flzux88m2by49d4d,2022-05-09T02:31:45Z,"","Zen Gaya",0.155,0.0276,11,-24.866,1,0.0424,0.982,0.911,0.0973,0.122,69.694,4
5jNpdLurZw0zuFRP0WOm6b,"The Red Thread","Unravel (EA Games Soundtrack)","Frida Johansson,Henrik Oja",2016-06-24,287600,0,dwnqcz9j6flzux88m2by49d4d,2022-05-12T02:24:11Z,"","E.A.R.S. (EA™ Recordings)",0.121,0.282,11,-12.995,0,0.0338,0.479,0.918,0.0891,0.0383,96.364,1
4ZQhlozQAV4jB3OgU2BPj1,"Missing Piece","Unravel (EA Games Soundtrack)","Frida Johansson,Henrik Oja",2016-06-24,285533,0,dwnqcz9j6flzux88m2by49d4d,2022-05-12T02:24:44Z,"","E.A.R.S. (EA™ Recordings)",0.152,0.39,7,-11.222,1,0.0317,0.683,0.661,0.302,0.0395,104.621,4
1PK5uBFiDdJs4rigiUaYaS,"First Steps","Unravel (EA Games Soundtrack)","Frida Johansson,Henrik Oja",2016-06-24,255533,0,dwnqcz9j6flzux88m2by49d4d,2022-05-12T02:24:53Z,"","E.A.R.S. (EA™ Recordings)",0.303,0.418,4,-9.881,0,0.0283,0.787,0.737,0.133,0.143,105.259,4
14rZjW3RioG7WesZhYESso,"Comptine d'un autre été, l'après-midi","Le Fabuleux destin d'Amélie Poulain (Bande originale du film)","Yann Tiersen",2001-04-23,140733,76,dwnqcz9j6flzux88m2by49d4d,2022-05-12T23:16:45Z,"","UGC Images/ADA France",0.483,0.192,4,-15.378,0,0.0469,0.991,0.908,0.106,0.0542,100.848,4
0nj2Q2OukMzwjNip4sZx1C,"Shirohae","Shirohae","Casper Esmann",2021-09-17,164000,41,dwnqcz9j6flzux88m2by49d4d,2022-05-14T02:01:07Z,"","Wander World Music",0.55,0.137,9,-16.341,0,0.056,0.936,0.731,0.103,0.165,126.53,4
1lPcZ6aV6X9zGRlVrEXPY0,"Sparkle Kimi no Na Wa Your Name","Sparkle Kimi no Na Wa Your Name","Akuya",2020-12-04,299188,45,dwnqcz9j6flzux88m2by49d4d,2022-05-16T01:29:10Z,"","Akuya",0.358,0.283,11,-14.179,1,0.0378,0.294,0.918,0.0902,0.119,122.948,4
3dngH86I49BMYH0cMwm3n7,"Música Épica Japonesa","Música Samurai: Música Épica Japonesa, Ambiente Tradicional de Japón","Espiritual Ilustración",2021-08-05,402000,18,dwnqcz9j6flzux88m2by49d4d,2022-05-16T01:54:16Z,"","Chilling Music International",0.126,0.191,1,-19.385,0,0.0535,0.719,0.986,0.0786,0.0552,83.982,3
0MHajJFEiJT8stOBsnu43t,"美丽的神话 Endless Love","美丽的神话 Endless Love","mila36music",2022-01-25,292806,0,dwnqcz9j6flzux88m2by49d4d,2022-05-23T23:08:15Z,"","3644904 Records DK",0.51,0.403,11,-9.528,0,0.0277,0.829,0.202,0.081,0.451,130.036,4
0Hy4KwcVFU38fqZABVtnyJ,"Itachi Theme (Rainy)","Itachi Theme (Rainy)","Prayathna",2020-11-06,128841,34,dwnqcz9j6flzux88m2by49d4d,2022-05-30T17:58:35Z,"","Prayathna Studios",0.558,0.212,0,-24.751,0,0.0374,0.857,0.931,0.398,0.298,140.081,3
00lfW42eo6QRfTnU5cddYd,"Hinata vs Neji","Hinata vs Neji","Aku",2021-02-17,193379,4,dwnqcz9j6flzux88m2by49d4d,2022-05-30T17:58:52Z,"anime","Wander World Music",0.478,0.317,7,-12.292,0,0.027,0.736,0.284,0.117,0.162,74.007,4
4No1Gj00c5JeBwtkH6N2YI,"The Sound of Silence - Cover","The Harp Corner","Naomi SV",2021-07-28,154112,21,dwnqcz9j6flzux88m2by49d4d,2022-06-08T17:37:08Z,"","Naomi SV",0.55,0.149,2,-17.891,0,0.0461,0.977,0.955,0.109,0.528,104.299,4
3P0IpouIQbWJgcbM0x3ECA,"Zelda's Lullaby","Zelda","Laura Sullivan",2018-04-24,125241,44,dwnqcz9j6flzux88m2by49d4d,2022-06-11T11:37:39Z,"","Sentient Spirit Records",0.547,0.084,0,-25.871,1,0.0869,0.993,0.962,0.0912,0.402,180.062,3
31mB5BIU8VjhMoxaVratrR,"Zelda's Lullaby - Instrumental","Zelda and Sleep: Instrumentals from Ocarina of Time","Super Piano 64",2021-04-03,190799,34,dwnqcz9j6flzux88m2by49d4d,2022-06-11T11:37:59Z,"","Super Piano 64",0.667,0.0669,7,-17.863,1,0.0535,0.969,0.949,0.096,0.173,179.99,3
2D3r8ZZdD7B2skiMtbSexO,"Ocarina of Time","Zelda & Sleep","Kato",2021-08-20,61714,0,dwnqcz9j6flzux88m2by49d4d,2022-06-11T11:38:17Z,"lo-fi,anime","Kato",0.559,0.00348,0,-24.173,1,0.0442,0.974,0.939,0.111,0.449,140.029,4
2jlwHvLoQlP3iSX4639fET,"Main Theme (From The Legend of Zelda: Breath of the Wild) [Cover]","The Legend of Zelda: Breath of the Wild - Covers","Masters of Sound",2021-07-29,112000,43,dwnqcz9j6flzux88m2by49d4d,2022-06-11T11:38:41Z,"","Scale World",0.158,0.212,10,-12.175,1,0.0352,0.814,0.681,0.0832,0.103,86.462,3
6l80kxljlEq5wCn8nj0I9w,"Link's Memories (From The Legend of Zelda: Breath of the Wild) [Cover]","The Legend of Zelda: Breath of the Wild - Covers","Masters of Sound",2021-07-29,18000,3,dwnqcz9j6flzux88m2by49d4d,2022-06-11T11:38:44Z,"","Scale World",0.297,0.434,1,-16.503,1,0.0472,0.99,0.983,0.193,0.143,110.316,3
3p19U1rci1sp5NfjReoN7W,"Dawn Winery Theme","Genshin Impact - The Wind and the Star Traveler (Original Game Soundtrack)","Yu-Peng Chen,HOYO-MiX",2020-06-19,68321,47,dwnqcz9j6flzux88m2by49d4d,2022-06-20T02:01:15Z,"banda sonora","miHoYo",0.312,0.159,11,-16.726,0,0.0454,0.97,0.222,0.0983,0.188,110.507,3
5pOJlpKwXNNKXp7lpFddy9,"Pure Sky","Genshin Impact - The Wind and the Star Traveler (Original Game Soundtrack)","Yu-Peng Chen,HOYO-MiX",2020-06-19,65632,46,dwnqcz9j6flzux88m2by49d4d,2022-06-20T02:01:30Z,"banda sonora","miHoYo",0.485,0.0384,9,-27.089,0,0.0385,0.984,0.877,0.0742,0.241,160.299,3
4UfRj8ikScFOs2WKzoR6En,"Lone Sojourner","Genshin Impact - The Wind and the Star Traveler (Original Game Soundtrack)","Yu-Peng Chen,HOYO-MiX",2020-06-19,50138,49,dwnqcz9j6flzux88m2by49d4d,2022-06-20T02:01:41Z,"banda sonora","miHoYo",0.32,0.032,0,-29.998,0,0.0538,0.99,0.94,0.11,0.227,86,4
6ulWBOhA3AND502R5n6dzx,"Tasamuh","Ana","Feras Charestan",2022-05-06,272134,24,dwnqcz9j6flzux88m2by49d4d,2022-06-20T02:04:08Z,"","Epidemic Sound",0.437,0.179,2,-13.304,1,0.0421,0.899,0.918,0.111,0.0363,133.53,1
128epXf4RVyKklKHiNeszZ,"Kitsune","Kitsune","Slow World",2022-02-11,309600,39,dwnqcz9j6flzux88m2by49d4d,2022-06-20T02:04:14Z,"","Lemongrassmusic",0.423,0.198,4,-14.798,0,0.0319,0.961,0.97,0.0769,0.0492,100.014,4
3bTVl46JQmaBOpqdopPY6h,"Leaves of Autumn","The Best of Japanese & Chinese Meditation Music","Jiang Xiao-Qing",2015-04-20,210333,42,dwnqcz9j6flzux88m2by49d4d,2022-06-20T02:04:21Z,"música tradicional","Single Drop Records",0.344,0.174,9,-14.19,0,0.0387,0.945,0.865,0.114,0.0955,136.563,3
7I4tAOmEVeCB2NzL0XEAvs,"Magnificent Zen Meditation","Music for Zen Yoga","Japanese Meditation Music",2021-02-26,144056,5,dwnqcz9j6flzux88m2by49d4d,2022-06-20T02:04:39Z,"","Beach Music",0.682,0.149,2,-19.305,0,0.045,0.834,0.901,0.123,0.118,120.165,4
5rIOmC1lAICpVF9D4pebMm,"Ancient Garden (174 Hz Meditation)","Ancient Garden (174 Hz Meditation)","Outside The Sky",2022-03-23,235337,40,dwnqcz9j6flzux88m2by49d4d,2022-06-20T02:04:46Z,"","Tone Tree Music / Outside the Sky",0.147,0.0159,9,-33.606,0,0.0478,0.929,0.984,0.083,0.034,78.316,4
5SrFGeR9q2ktCFDr1rGXQO,"Tokyo Romance","Tokyo Romance","Slow World",2022-01-28,299428,25,dwnqcz9j6flzux88m2by49d4d,2022-06-20T02:04:52Z,"","Lemongrassmusic",0.444,0.272,9,-12.942,0,0.029,0.921,0.796,0.0881,0.132,104.891,4
3MeOdUN6doMGQ9CX7xPUnf,"Hokage's Funeral","Naruto Vibes","Kato",2020-12-11,105296,41,dwnqcz9j6flzux88m2by49d4d,2022-06-23T16:33:09Z,"lo-fi,anime","Kato",0.566,0.436,9,-6.837,0,0.0274,0.677,0.892,0.133,0.129,136.084,4
5VnaOLeK1lKfULuNwet8ck,"Flowers","Let's Go","In Love With a Ghost,Nori",2017-10-23,252121,54,dwnqcz9j6flzux88m2by49d4d,2022-07-11T01:06:06Z,"lo-fi,chillstep","In Love With A Ghost",0.641,0.24,8,-19.107,1,0.047,0.979,0.866,0.234,0.32,99.02,4
4A3GDQPnWPwl8XLU4Bt86L,"Zen Flute & Wind Chimes","Far East: Asian Instruments & Nature","Ho Si Qiang",2019-05-27,222737,14,dwnqcz9j6flzux88m2by49d4d,2022-07-16T14:30:38Z,"","Rehegoo",0.255,0.314,11,-20.997,1,0.0658,0.971,0.876,0.406,0.151,128.139,3
3BH15gollQujCWvydya7lV,"Rewrite the Stars (Piano Instrumental)","Reading Music Instrumentals (Piano Covers)","Box of Music",2020-07-09,230624,48,dwnqcz9j6flzux88m2by49d4d,2022-08-18T15:56:32Z,"","Box of Music",0.395,0.0281,10,-28.617,1,0.0481,0.994,0.949,0.133,0.081,121.003,4
7gWuIvgecPj8ddhw5ah1ca,"Suzume no Tojimari","Suzume no Tojimari / すずめの戸締まり","Chill Box",2022-07-31,94821,0,dwnqcz9j6flzux88m2by49d4d,2022-08-18T16:00:58Z,"","4179324 Records DK",0.556,0.299,2,-12.897,0,0.0328,0.709,0,0.111,0.425,77.936,4
2xT06MgicgXYYQJLFcf6i3,"夢灯籠（『君の名は。』より） - piano","ピアノで聴きたいアニメ映画音楽〜君の名は。","Piano Echoes",2022-01-26,242698,29,dwnqcz9j6flzux88m2by49d4d,2022-08-18T16:06:34Z,"","Piano Echoes",0.49,0.0811,8,-20.929,1,0.051,0.992,0.931,0.163,0.104,123.434,4
1ICBjx8MKVqZdXCnpUVfAB,"Edoras","The Lord of the Rings: The Two Towers - the Complete Recordings","Howard Shore",2002,274280,44,dwnqcz9j6flzux88m2by49d4d,2022-08-18T16:14:36Z,"banda sonora","Rhino/Warner Records",0.152,0.0224,2,-28.423,0,0.0408,0.736,0.738,0.118,0.0321,106.334,3
3gFQOMoUwlR6aUZj81gCzu,"One Summer Day","Spirited Away Soundtrack","Joe Hisaishi",2001-07-18,189800,66,dwnqcz9j6flzux88m2by49d4d,2022-08-18T16:23:13Z,"música clásica japonesa,anime","Joe Hisaishi",0.41,0.196,0,-15.956,1,0.0383,0.953,0.892,0.0974,0.0622,78.823,4
12NSCSLc3sEE8ubtCnaKFP,"Tales from the Snow Mountain","Genshin Impact - The Shimmering Voyage (Original Game Soundtrack)","Yu-Peng Chen,HOYO-MiX",2021-07-19,295706,33,dwnqcz9j6flzux88m2by49d4d,2022-10-05T14:09:06Z,"banda sonora","miHoYo",0.178,0.125,6,-16.065,1,0.0382,0.976,0.864,0.0874,0.0882,61.063,4
5fHgBb5r91Jmdr8Q7dwmad,"Secunda","The Elder Scrolls V: Skyrim: Original Game Soundtrack","Jeremy Soule",2013-01-31,123216,66,dwnqcz9j6flzux88m2by49d4d,2022-10-17T06:55:23Z,"medieval,banda sonora","Bethesda Softworks",0.142,0.0462,7,-27.928,0,0.029,0.985,0.939,0.0934,0.088,89.996,3
19doORzyzOFARW6I0Fydc8,"Landscape With a Fairy","A Little Fable","aspidistrafly",2011-12-15,265253,57,dwnqcz9j6flzux88m2by49d4d,2022-10-17T07:00:47Z,"","Kitchen. Label",0.453,0.291,5,-12.932,1,0.0301,0.934,0.822,0.363,0.205,111.441,3
2t2uuvdkcOGBwRt1ZJQESV,"The Legend of Ashitaka (From Princess Monoke)","The Legend of Ashitaka (From Princess Monoke)","Sms DM",2021-01-04,159324,19,dwnqcz9j6flzux88m2by49d4d,2022-10-17T07:03:19Z,"anime","Dynasty Music",0.783,0.382,1,-13.266,1,0.0612,0.265,0.89,0.105,0.453,73.983,4
2XH6vnWFUHkmXsiMT9DwQH,"The Name of Life (A loving piano cover)","Piano de anime Sleep introduction to send masterpieces of that anime movie with heartfelt piano performance Relaxation Healing BGM music collection","J-POP Relax Cover Song BGM lab",2020-04-09,226750,15,dwnqcz9j6flzux88m2by49d4d,2022-10-17T07:05:54Z,"","J-POP Relax Cover Song BGM lab",0.475,0.0215,0,-30.292,1,0.0893,0.992,0.916,0.125,0.138,139.077,4
3xO7yLHU8cTglvxXHFdrSc,"retire (final)","hurry up mixtape","Alvedon",2021-08-01,214588,0,dwnqcz9j6flzux88m2by49d4d,2022-10-25T12:30:57Z,"","Alvedon",0.196,0.416,8,-21.096,0,0.0412,0.813,0.933,0.12,0.399,96.06,3
7K7E7LKK51PezScgsvVg9Y,"Key","Minecraft - Volume Alpha","C418",2011-03-04,65000,68,dwnqcz9j6flzux88m2by49d4d,2022-10-25T12:34:33Z,"","C418",0.129,0.00376,3,-41.766,0,0.0379,0.993,0.382,0.0774,0.0376,147.148,5
1XiTYJlAreWw35FMk6c0Wz,"Rain in Jiang'nan","Rain in Jiang'nan","Eliott Tordo Erhu",2020-03-26,247105,34,dwnqcz9j6flzux88m2by49d4d,2022-12-10T12:15:54Z,"","iMD-EliottTordo",0.169,0.241,3,-12.657,0,0.0342,0.96,0.764,0.048,0.174,69.458,4
6SBNVbYNSYlqdrDvR59fQv,"Zen Garden","Zen Garden","Jean-Marc Staehle",2021-11-29,196363,43,dwnqcz9j6flzux88m2by49d4d,2022-12-10T12:15:56Z,"","ENP",0.22,0.183,9,-17.265,0,0.0447,0.958,0.969,0.361,0.169,144.362,4
6p1takpwehkXHFKCm3aPyR,"A Lullaby of Takeda (Takeda No Komoriuta)","Lullaby","Mizuyo Komiya",2000-06-13,189733,39,dwnqcz9j6flzux88m2by49d4d,2022-12-10T12:15:59Z,"música clásica japonesa,música tradicional","Pacific Moon",0.551,0.133,7,-15.219,0,0.0884,0.977,0.849,0.132,0.0674,118.103,4
02XQulGEuuXPMbjZTGMWZB,"Samidare","Anthology, Pt. 3","Eliott Tordo Erhu",2020-01-01,208713,35,dwnqcz9j6flzux88m2by49d4d,2022-12-10T12:16:01Z,"","iMD-EliottTordo",0.278,0.249,4,-10.971,0,0.0353,0.925,0.88,0.112,0.16,56.084,4
1puTKCb3h1r8RY69AytXsQ,"Path of the Wind (My Neighbor Totoro Original Motion Picture Soundtrack)","Path of the Wind (My Neighbor Totoro Original Motion Picture Soundtrack)","Grissini Project",2020-06-12,256000,28,dwnqcz9j6flzux88m2by49d4d,2022-12-10T12:16:03Z,"","Grissini Project",0.296,0.197,5,-15.717,0,0.0382,0.982,0.83,0.118,0.205,83.879,4
0WumV6YmEWhYCDZBzMYCcx,"Melody of the Night","Kalimba Collection","April Yang",2021-06-24,122644,28,dwnqcz9j6flzux88m2by49d4d,2022-12-10T12:16:05Z,"","April Yang Music",0.885,0.383,3,-10.511,0,0.108,0.915,0.778,0.0945,0.86,100.035,4
5QaRdsmQxTXptgHiLGkhOy,"Fallen Down (Reprise) - Piano Slowed & Reverb","Fallen Down (Reprise)","Augustin Garnier",2022-04-03,150465,0,dwnqcz9j6flzux88m2by49d4d,2022-12-14T16:01:13Z,"","Forêt Nocturne",0.434,0.0412,0,-29.119,1,0.0382,0.994,0.921,0.105,0.312,186.047,3
6JEDLTPCt58ojThCFnJobz,"Chao Yuan Song","Autumn Moon","The Chinese Virtuosi",1999,319293,12,dwnqcz9j6flzux88m2by49d4d,2023-04-08T22:28:34Z,"","Altus",0.291,0.0165,9,-26.734,0,0.0501,0.762,0.00478,0.0967,0.263,87.436,4
0yyVXCNsGXK2TjeRPoHBll,"The Small Murmuring River","Chinese Classical Music Vol. 1: High Mountain and Flowing Water","Huang Hui,Varios Artistas",1999-01-01,452000,12,dwnqcz9j6flzux88m2by49d4d,2023-04-08T22:29:49Z,"champeta","China Record Corporation",0.152,0.101,4,-20.76,0,0.0426,0.913,0.928,0.186,0.0555,96.719,4
3mZ5yk30lRYcCZHDd3VBlL,"TLT Birdies","The Lonely Tree Longer","The Lonely Tree",2023-04-02,248683,0,dwnqcz9j6flzux88m2by49d4d,2023-04-08T22:31:26Z,"","5169940 Records DK",0.373,0.148,2,-21.379,1,0.0466,0.931,0.00451,0.122,0.0898,97.236,4
6h6runZeeczWEuEW2pFvYW,"New Home (Slowed)","New Home (Slowed)","Austin Farwell",2021-05-26,174521,71,dwnqcz9j6flzux88m2by49d4d,2023-04-17T12:17:20Z,"","Austin Farwell",0.356,0.00558,11,-27.72,1,0.0417,0.99,0.934,0.0991,0.122,70.012,4
4mIen6ujcruFxkoSMVtkTj,"Akatsuki","Japanese Garden","Kenio Fuke",2016-01-15,394816,35,dwnqcz9j6flzux88m2by49d4d,2023-04-17T21:11:25Z,"new age","KF MUSIC",0.26,0.247,0,-12.194,0,0.0404,0.98,0.885,0.0633,0.058,68.655,4
3R3Gy3sQ82AWDiP8l5hQp9,"Chidori","Traditional Music Of The Japanese Geisha","Hideo Osaka Ensemble",2006-03-07,192333,22,dwnqcz9j6flzux88m2by49d4d,2023-04-17T21:11:35Z,"música clásica japonesa,música tradicional","Legacy International",0.448,0.44,8,-11.776,1,0.0646,0.836,0.911,0.107,0.733,98.762,4
4QgTMG5M3lkrMnLXyNqhpy,"Samurai Song","Traditional Music Of The Japanese Geisha","Hideo Osaka Ensemble",2006-03-07,135973,33,dwnqcz9j6flzux88m2by49d4d,2023-04-17T21:11:43Z,"música clásica japonesa,música tradicional","Legacy International",0.267,0.155,10,-24.627,0,0.0502,0.954,0.28,0.138,0.386,72.199,3
2a05ZVwyOuihPPQtnX7IQw,"Japanese Tea Ceremony","Japanese Tea Ceremony","Music Time",2015-11-11,187715,25,dwnqcz9j6flzux88m2by49d4d,2023-04-17T21:12:03Z,"música tradicional","561628 Records DK",0.467,0.326,9,-8.425,0,0.0264,0.883,0.931,0.18,0.521,169.856,4
4TuUPiAevIMdzo0ND2i6yD,"Hoshun (Spring Time): Hoshun","The Art of the Japanese Koto, Shakuhachi & Shamisen","Yamato Ensemble",2015-02-24,537460,29,dwnqcz9j6flzux88m2by49d4d,2023-04-17T21:12:10Z,"música clásica japonesa,música tradicional","ARC",0.432,0.139,4,-17.211,0,0.0509,0.976,0.838,0.0537,0.178,141.996,3
1CSwmcEdeve4T7PDI7BeWP,"Glow of the Moon","The Tea House","Derek Fiechter",2017-07-03,241463,42,dwnqcz9j6flzux88m2by49d4d,2023-04-17T21:14:30Z,"medieval,celta","Various Artists",0.361,0.0455,10,-18.058,0,0.0352,0.983,0.949,0.112,0.441,163.911,4
7zSIosG5xekfMLGsxgIFgg,"Heart Of Asia","Asian Meditation","Prana Tones",2017-11-03,131076,33,dwnqcz9j6flzux88m2by49d4d,2023-04-17T21:14:34Z,"","Karmaloft Music",0.59,0.392,0,-9.407,0,0.0327,0.142,0.366,0.148,0.0725,129.892,4
4bXELVuNPvrZ9wN9ocORSb,"Bonsai Trees","Eastern Winds","Derek Fiechter,Brandon Fiechter",2014-11-15,214893,34,dwnqcz9j6flzux88m2by49d4d,2023-04-17T21:14:36Z,"medieval,celta","Various Artists",0.842,0.525,9,-14.029,0,0.053,0.775,0.896,0.108,0.231,97.998,4
4bbeYvpf2ZCne4qRm87m9Z,"The Land of Woods and Waters","Orchid","Shao Rong",2001-01-09,141160,40,dwnqcz9j6flzux88m2by49d4d,2023-04-17T21:14:37Z,"música tradicional","Pacific Moon",0.476,0.153,4,-13.231,0,0.0443,0.947,0.96,0.289,0.0977,126.707,4
7sAUbSZ1699OAHYzBWazNu,"Forest of Japan","China and Japan","Derek Fiechter",2015-07-11,205263,25,dwnqcz9j6flzux88m2by49d4d,2023-04-17T21:14:39Z,"medieval,celta","Various Artists",0.597,0.366,5,-14.658,0,0.023,0.87,0.974,0.217,0.475,94.995,4
5cbHAukVrEY4Cn2eoHu8T1,"Kitsune Girl","China and Japan","Derek Fiechter",2015-07-11,188400,22,dwnqcz9j6flzux88m2by49d4d,2023-04-17T21:14:41Z,"medieval,celta","Various Artists",0.608,0.273,5,-13.989,0,0.0288,0.912,0.979,0.182,0.828,99.996,4
5tEyEh7ZKslLNYCcIRjNdd,"Kitsune Woods","Creatures of Lore","Derek Fiechter",2014-10-03,225283,21,dwnqcz9j6flzux88m2by49d4d,2023-04-17T21:14:44Z,"medieval,celta","Various Artists",0.568,0.54,3,-14.953,0,0.0301,0.934,0.966,0.149,0.759,106.012,4
63rtjDywlDooaWHyRyMDSE,"Zen Garden","Eastern Winds","Derek Fiechter",2014-11-15,260769,24,dwnqcz9j6flzux88m2by49d4d,2023-04-17T21:14:46Z,"medieval,celta","Various Artists",0.172,0.53,3,-11.662,0,0.0367,0.864,0.00000105,0.139,0.169,80.399,3
5ZlF8lxBDyUyOlDzE5tkPv,"Sky Princess","Shuriken","Derek Fiechter",2014-11-22,253773,14,dwnqcz9j6flzux88m2by49d4d,2023-04-17T21:14:50Z,"medieval,celta","Various Artists",0.0947,0.576,6,-13.617,0,0.0518,0.000372,0.0223,0.116,0.372,199.368,4
5cGyuIZIVH8Ao82VOUfbbf,"Water Lilies","Lotus Blossoms","Derek Fiechter,Brandon Fiechter",2018-04-07,222073,31,dwnqcz9j6flzux88m2by49d4d,2023-04-17T21:14:51Z,"medieval,celta","Derek Fiechter & Brandon Fiechter",0.51,0.224,9,-19.498,0,0.0301,0.979,0.854,0.135,0.195,81.983,4
0yJR6U3rTczkc6aktetVtX,"Asian Vibration","Flute Shakuhachi (Musique Zen Avec Shakuhachi)","Flute Shakuhachi",2011-05-30,214656,29,dwnqcz9j6flzux88m2by49d4d,2023-04-17T21:14:52Z,"música clásica japonesa","Green New Age",0.186,0.047,11,-18.854,1,0.0449,0.984,0.982,0.0916,0.0669,111.696,5
7eSUO7l70vu5NaZZIfACDn,"Le Japon Musique Oriental","Flute Shakuhachi (Musique Zen Avec Shakuhachi)","Flute Shakuhachi",2011-05-30,207029,20,dwnqcz9j6flzux88m2by49d4d,2023-04-17T21:14:53Z,"música clásica japonesa","Green New Age",0.158,0.0511,3,-21.553,0,0.0385,0.992,0.0311,0.105,0.0386,84.531,1
6DYKDu4zXQbsrty5hVdrda,"After the Rain","Lotus Blossoms","Derek Fiechter,Brandon Fiechter",2018-04-07,225697,25,dwnqcz9j6flzux88m2by49d4d,2023-04-17T21:14:56Z,"medieval,celta","Derek Fiechter & Brandon Fiechter",0.419,0.319,7,-16.717,1,0.0319,0.96,0.866,0.241,0.51,171.994,4
3hD19YWcbfCPN6wGLJiwY4,"Red Blossom Lake","Lotus Blossoms","Derek Fiechter,Brandon Fiechter",2018-04-07,211829,27,dwnqcz9j6flzux88m2by49d4d,2023-04-17T21:14:58Z,"medieval,celta","Derek Fiechter & Brandon Fiechter",0.6,0.0944,6,-14.565,1,0.0295,0.971,0.273,0.105,0.416,82.021,4
4x0DUkyeWZ52viZYi1xSkm,"Kingdom of Water Blossoms","Lotus Blossoms","Derek Fiechter,Brandon Fiechter",2018-04-07,204324,28,dwnqcz9j6flzux88m2by49d4d,2023-04-17T21:15:00Z,"medieval,celta","Derek Fiechter & Brandon Fiechter",0.298,0.332,10,-15.142,1,0.0328,0.534,0.047,0.113,0.232,73.976,4
4OQsYTjRhqVmj5pciyhHfD,"Earth Kitsune","Kitsune","Derek Fiechter,Brandon Fiechter",2020-03-26,194676,14,dwnqcz9j6flzux88m2by49d4d,2023-04-17T21:15:04Z,"medieval,celta","Derek Fiechter & Brandon Fiechter",0.353,0.497,3,-19.679,0,0.0436,0.893,0.97,0.103,0.494,93.751,3
3kaFoz7otvEykaS4jRvL5m,"Eastern","Tai Ji Music","BRUCE",2007,467853,19,dwnqcz9j6flzux88m2by49d4d,2023-04-17T21:15:05Z,"música clásica japonesa","Bruce",0.194,0.153,9,-15.087,0,0.0347,0.837,0.67,0.0601,0.038,147.263,4
6GTkjXEvrKX6QsLhT1tt0B,"Bamboo Is Singing","Tai Ji Music","BRUCE",2007,329926,19,dwnqcz9j6flzux88m2by49d4d,2023-04-17T21:15:08Z,"música clásica japonesa","Bruce",0.22,0.27,11,-15.281,0,0.0351,0.98,0.933,0.104,0.146,75.323,3
3zeiqnkFeednNKWzOyaNRI,"Sanctuary of Wind","Lotus Blossoms","Derek Fiechter,Brandon Fiechter",2018-04-07,236707,19,dwnqcz9j6flzux88m2by49d4d,2023-04-17T21:15:13Z,"medieval,celta","Derek Fiechter & Brandon Fiechter",0.435,0.406,3,-16.567,0,0.0319,0.964,0.827,0.112,0.318,82.032,4
7lJlw1pgmi4oGd8vNPGusJ,"Night Flowers","Eastern Winds","Derek Fiechter,Brandon Fiechter",2014-11-15,211506,24,dwnqcz9j6flzux88m2by49d4d,2023-04-17T21:15:16Z,"medieval,celta","Various Artists",0.418,0.344,3,-11.956,0,0.0308,0.649,0.0645,0.297,0.145,80.051,4
5TlUYBbTu9j6z4yUMHxIcc,"Village of the Misty Waterfalls","Lotus Blossoms","Derek Fiechter,Brandon Fiechter",2018-04-07,236029,29,dwnqcz9j6flzux88m2by49d4d,2023-04-17T21:15:18Z,"medieval,celta","Derek Fiechter & Brandon Fiechter",0.519,0.177,0,-14.688,1,0.0286,0.92,0.882,0.174,0.19,135.999,4
4hKOAv9nFVoFNpP1lfZ9H1,"Asian Woods","World Dreams","Derek Fiechter,Brandon Fiechter",2019-12-26,375517,22,dwnqcz9j6flzux88m2by49d4d,2023-04-17T21:15:20Z,"medieval,celta","Derek Fiechter & Brandon Fiechter",0.791,0.134,10,-18.238,0,0.137,0.992,0.958,0.132,0.971,115.998,4
0P7KQxdIMgZf9ZR5uPuD7F,"Princess of the Golden Palace","Lotus Blossoms","Derek Fiechter,Brandon Fiechter",2018-04-07,212684,30,dwnqcz9j6flzux88m2by49d4d,2023-04-17T21:15:21Z,"medieval,celta","Derek Fiechter & Brandon Fiechter",0,0.154,6,-16.567,1,0,0.931,0.831,0.103,0,0,0
1oar5Xb2DBCQ1kkcc7Sfe0,"Princess of the Moon","World of Wonders II","Derek Fiechter,Brandon Fiechter",2020-09-10,201428,21,dwnqcz9j6flzux88m2by49d4d,2023-04-17T21:15:22Z,"medieval,celta","Derek Fiechter & Brandon Fiechter",0.313,0.149,10,-19.107,1,0.0404,0.986,0.963,0.127,0.148,70.139,4
3o90AJ9vJKXzeW7X7BzR5v,"Forest of Sleep","The Tea House","Brandon Fiechter",2017-07-03,242647,29,dwnqcz9j6flzux88m2by49d4d,2023-04-17T21:15:25Z,"medieval,celta","Various Artists",0.747,0.106,5,-16.12,0,0.0418,0.99,0.906,0.16,0.428,136.027,4
72HmVGqDGn8D0GBMAkj2I4,"Kitsune Shapeshifter","Kitsune","Derek Fiechter,Brandon Fiechter",2020-03-26,208050,13,dwnqcz9j6flzux88m2by49d4d,2023-04-17T21:15:28Z,"medieval,celta","Derek Fiechter & Brandon Fiechter",0.399,0.434,4,-18.143,0,0.0334,0.917,0.949,0.102,0.122,175.856,4
6NTfUTrXfg3Ad8Gpm3eo4h,"Floating Islands","China and Japan","Derek Fiechter,Brandon Fiechter",2015-07-11,191688,25,dwnqcz9j6flzux88m2by49d4d,2023-04-17T21:15:31Z,"medieval,celta","Various Artists",0.413,0.144,0,-16.891,1,0.0442,0.983,0.382,0.086,0.235,77.096,4
4UxBKNZtcwl02nLarEUUoV,"Ocean Kitsune","Kitsune","Derek Fiechter,Brandon Fiechter",2020-03-26,199500,12,dwnqcz9j6flzux88m2by49d4d,2023-04-17T21:15:32Z,"medieval,celta","Derek Fiechter & Brandon Fiechter",0.324,0.162,2,-16.582,0,0.0375,0.989,0.936,0.0936,0.179,79.994,4
1hJEhVXtNzQKZbITBtxi1j,"Ice Kitsune","Kitsune","Derek Fiechter,Brandon Fiechter",2020-03-26,230750,12,dwnqcz9j6flzux88m2by49d4d,2023-04-17T21:15:34Z,"medieval,celta","Derek Fiechter & Brandon Fiechter",0.707,0.282,0,-15.204,0,0.0318,0.975,0.971,0.161,0.312,119.998,4
1mvZKADjRFGfLtuL0AckkE,"Heian Period","Land of the Rising Sun","Derek Fiechter,Brandon Fiechter",2018-05-29,212830,14,dwnqcz9j6flzux88m2by49d4d,2023-04-17T21:15:37Z,"medieval,celta","Derek Fiechter & Brandon Fiechter",0.678,0.436,1,-14.135,1,0.0287,0.891,0.9,0.114,0.0578,105.988,4
76rQF2j70znZxViWmYl9fU,"Oceanshore Elves","Elf Lands","Derek Fiechter,Brandon Fiechter",2020-01-23,198750,13,dwnqcz9j6flzux88m2by49d4d,2023-04-17T21:15:38Z,"medieval,celta","Derek Fiechter & Brandon Fiechter",0.43,0.0911,3,-19.609,0,0.0333,0.993,0.957,0.113,0.168,80.001,4
5pzVclRll5dty3XkmF7za4,"Tokyo","Flute Shakuhachi (Musique Zen Avec Shakuhachi)","Flute Shakuhachi",2011-05-30,202663,21,dwnqcz9j6flzux88m2by49d4d,2023-04-17T21:15:44Z,"música clásica japonesa","Green New Age",0.283,0.338,1,-22.577,1,0.102,0.973,0.198,0.291,0.0305,66.342,1
3t6q0rQlKN3hB1cvEDUReI,"Harmonie Japonaise","Flute Shakuhachi (Musique Zen Avec Shakuhachi)","Flute Shakuhachi",2011-05-30,273066,14,dwnqcz9j6flzux88m2by49d4d,2023-04-17T21:15:45Z,"música clásica japonesa","Green New Age",0.203,0.793,5,-18.259,1,0.212,0.929,0.00758,0.931,0.0223,130.144,3
19izYzKN3Xt63VQ1zHTNLh,"Rain (Sounds of Nature)","Relaxation Spa Music (Deluxe Edition)","Shakuhachi Sakano",2012-12-20,253120,11,dwnqcz9j6flzux88m2by49d4d,2023-04-17T21:15:47Z,"","Natural Living 10",0.397,0.167,11,-23.564,1,0.0389,0.931,0.987,0.107,0.0363,119.995,4
5DBvFWPPD8oV5a2YXKE4bH,"Japanese Shakuhachi","Shakuhachi - Japanese Instrumental Flute Music for Zen Meditation","Shakuhachi Sakano",2015-09-30,338814,11,dwnqcz9j6flzux88m2by49d4d,2023-04-17T21:15:50Z,"","Natural Living 10",0.119,0.0764,6,-25.296,0,0.0401,0.965,0.00578,0.101,0.0305,94.291,3
1QGUm2A11xiFQQuYDdHUuQ,"Thunder Kitsune","Kitsune","Derek Fiechter,Brandon Fiechter",2020-03-26,196721,13,dwnqcz9j6flzux88m2by49d4d,2023-04-17T21:15:56Z,"medieval,celta","Derek Fiechter & Brandon Fiechter",0.652,0.482,9,-17.255,1,0.0299,0.847,0.978,0.117,0.638,122.002,4
2edqeDQOY1fOtxYqAazcer,"Shaolin","Oriental Dreams","Celestial Aeon Project",2018-06-23,142600,22,dwnqcz9j6flzux88m2by49d4d,2023-04-17T21:15:58Z,"medieval,celta","Ouranio Recordings",0.315,0.113,9,-24.961,1,0.0373,0.782,0.216,0.0886,0.459,73.668,4
4jKBkAkpUvDh8vanjCgF7Y,"River Kitsune","Kitsune","Derek Fiechter,Brandon Fiechter",2020-03-26,203720,20,dwnqcz9j6flzux88m2by49d4d,2023-04-17T21:16:01Z,"medieval,celta","Derek Fiechter & Brandon Fiechter",0.639,0.138,2,-14.951,0,0.0357,0.915,0.923,0.117,0.44,171.95,4
1Jw9C96PNrViTaCJD6rb9W,"Zen","Far East","Celestial Aeon Project,ASKII",2021-01-15,185198,21,dwnqcz9j6flzux88m2by49d4d,2023-04-17T21:16:03Z,"medieval,celta","Ouranio Recordings",0.501,0.257,9,-16.001,0,0.0299,0.964,0.548,0.0643,0.15,67.528,4
2zsLEGL9njShTDdkVYeXOk,"Little Birds","Morning Bell","Weishan Liu",2006-01-01,132586,25,dwnqcz9j6flzux88m2by49d4d,2023-04-17T21:16:05Z,"música tradicional,música clásica japonesa,gufeng","Weishan Liu",0.607,0.303,7,-11.491,1,0.0335,0.984,0.881,0.0877,0.234,130.694,4
7ApU7nBhpXZqqD9E1kSuuI,"Silk Reeling","Oriental Dreams","Celestial Aeon Project",2018-06-23,89664,23,dwnqcz9j6flzux88m2by49d4d,2023-04-17T21:16:06Z,"medieval,celta","Ouranio Recordings",0.311,0.537,6,-13.555,0,0.033,0.666,0.963,0.426,0.643,149.808,3
3KzNHdFWaPj7CRNhGpdKyh,"The Autumn Moon Shone over the Han Palace","Chinese Meditation Music","Lin Shicheng",2006-07-24,433640,15,dwnqcz9j6flzux88m2by49d4d,2023-04-17T21:16:09Z,"música clásica japonesa,música tradicional","Cooking Vinyl",0.306,0.0474,7,-16.876,1,0.0408,0.991,0.834,0.0711,0.198,76.547,4
5M1WKldDXI4nvMBfJgTJYl,"Sea Tribe","China and Japan","Brandon Fiechter",2015-07-11,217752,20,dwnqcz9j6flzux88m2by49d4d,2023-04-17T21:16:11Z,"medieval,celta","Various Artists",0.532,0.206,7,-16.572,0,0.0249,0.972,0.927,0.119,0.357,88.994,4
5tcRgmNDfJeFe05gHFZo1c,"Orchid","Orchid II","Shao Rong",2004-04-06,225293,31,dwnqcz9j6flzux88m2by49d4d,2023-04-17T21:16:30Z,"música tradicional","Pacific Moon",0.361,0.315,0,-10.343,1,0.0337,0.937,0.885,0.117,0.0816,135.181,4
5kdZroq0M2xIeMnZ64DFci,"シンシャ","TVアニメ『宝石の国』オリジナルサウンドトラック","藤澤慶昌",2018-01-17,139280,43,dwnqcz9j6flzux88m2by49d4d,2023-04-17T21:16:36Z,"anime","TOHO animation RECORDS",0.213,0.211,7,-13.137,0,0.0444,0.931,0.103,0.0941,0.0733,63.142,4
2S0NRSyQNgsy3qrHoScNfK,"Rain - Instrumental Version","Arrietty Soundtrack","Cécile Corbel",2010-07-14,68813,41,dwnqcz9j6flzux88m2by49d4d,2023-04-17T21:16:41Z,"celta,anime","Cécile Corbel",0.699,0.0996,0,-19.508,0,0.066,0.964,0.785,0.113,0.0792,100.07,3
40AHaRXO9Faoui0lhoYde6,"Lanterns at Night","Lotus Blossoms","Derek Fiechter,Brandon Fiechter",2018-04-07,203924,35,dwnqcz9j6flzux88m2by49d4d,2023-04-17T21:16:44Z,"medieval,celta","Derek Fiechter & Brandon Fiechter",0.448,0.158,4,-13.938,0,0.0286,0.979,0.916,0.11,0.222,79.007,4
74INHZ7K6OJFtTUeTvdCCl,"Princess Mononoke (Movie Princess Mononoke From)","KiRiKo sings Studio Ghibli Films musicwith an ERHU","Kiriko",2009-08-08,129679,23,dwnqcz9j6flzux88m2by49d4d,2023-04-17T21:16:46Z,"música clásica japonesa","WA-WA-PLANNING",0.217,0.213,2,-11.038,0,0.0473,0.963,0.0494,0.101,0.0489,72.427,5
3i1PTdptkiHzuZFpnGxI2j,"Man of the World","Anthology, Pt. 3","Eliott Tordo Erhu",2020-01-01,190334,41,dwnqcz9j6flzux88m2by49d4d,2023-04-17T21:16:48Z,"","iMD-EliottTordo",0.0849,0.238,3,-13.638,0,0.0451,0.954,0.652,0.0603,0.0382,66.866,3
1lKGZ1h6b5wzp6EfBWap5s,"Scene of a Disaster","Anthology, Pt. 3","Eliott Tordo Erhu",2020-01-01,118587,30,dwnqcz9j6flzux88m2by49d4d,2023-04-17T21:16:53Z,"","iMD-EliottTordo",0.209,0.247,10,-15.676,0,0.0453,0.989,0.837,0.0797,0.0311,60.418,3
6oP61bwiRTLZNvDjd9TrYN,"哀鴻遍野","NARUTO-ナルト- 疾風伝　オリジナル・サウンドトラック","Yasuharu Takanashi",2007-12-19,121853,44,dwnqcz9j6flzux88m2by49d4d,2023-04-17T21:17:08Z,"anime,banda sonora","Aniplex Inc.",0.0901,0.0985,9,-19.422,0,0.046,0.964,0.975,0.159,0.0298,56.872,4
5ux6yVZfrkj68j236Y44ey,"Otsukaresama","Hanami","Chasing Mirrors",2020-10-30,128052,0,dwnqcz9j6flzux88m2by49d4d,2023-04-17T21:17:13Z,"anime","Wander World Music",0.6,0.0801,5,-19.816,0,0.0385,0.993,0.904,0.177,0.137,136.927,4
6rYJK9MLn02aX3RTUZgt45,"Memory of Childhood","Rainbow","Jia Peng Fang",2000-10-17,289200,34,dwnqcz9j6flzux88m2by49d4d,2023-04-17T21:17:18Z,"música tradicional,gufeng","Pacific Moon",0.145,0.32,11,-10.054,0,0.0348,0.696,0.00194,0.122,0.084,83.089,4
5tGF3AmlzU8fOgpn6YpQCa,"Oogway Ascends","Oogway Ascends","Eliott Tordo Erhu",2020-10-05,264941,33,dwnqcz9j6flzux88m2by49d4d,2023-04-17T21:17:20Z,"","iMD-EliottTordo",0.12,0.196,0,-16.882,0,0.0367,0.823,0.943,0.106,0.0385,77.371,4
3ShFubO4xXc0vZYYR81ric,"Sweet Dreams","Rainbow","Jia Peng Fang",2000-10-17,227226,28,dwnqcz9j6flzux88m2by49d4d,2023-04-17T21:17:21Z,"música tradicional,gufeng","Pacific Moon",0.255,0.234,4,-10.73,1,0.0325,0.972,0.153,0.108,0.199,91.897,3
0nBtJgPIurkDuahCLgJgQJ,"Sirius","Faraway","Jia Peng Fang",2002-10-01,291466,32,dwnqcz9j6flzux88m2by49d4d,2023-04-17T21:17:23Z,"música tradicional,gufeng","Pacific Moon",0.318,0.381,4,-9.29,1,0.0303,0.745,0.0152,0.0783,0.0792,82.066,3
45qP4LptblKy1KUFHnjsnx,"Sakura","Ancient City II","Yasuko Kyoda",2003-05-06,196733,17,dwnqcz9j6flzux88m2by49d4d,2023-04-17T21:17:26Z,"","Pacific Moon",0.494,0.263,0,-15.441,1,0.0672,0.99,0.834,0.11,0.438,142.297,4
6xMPSHBPY7D2MgGQORfwJv,"A Song of the Lilies - From the Album Evening","Cherry Blossoms","Missa Johnouchi",2006-09-05,270360,22,dwnqcz9j6flzux88m2by49d4d,2023-04-17T21:17:28Z,"","Pacific Moon",0.458,0.133,2,-16.635,1,0.0308,0.99,0.955,0.129,0.249,144.008,4
3msvclL9qCcYBRO2SWj8DY,"Kyoto Garden","Alexander Tobias Orest","Alexander Tobias Orest",2020-05-14,88800,22,dwnqcz9j6flzux88m2by49d4d,2023-05-02T22:41:18Z,"música clásica japonesa,música tradicional","Rosenklang",0.922,0.101,10,-14.861,1,0.065,0.979,0.658,0.099,0.214,99.941,4
6tMDqlP5dERh9JqDLbqyVh,"Lullaby from Home","Breathing Spaces","Jiang Xiao-Qing",2002-04-02,279706,35,dwnqcz9j6flzux88m2by49d4d,2023-05-02T22:41:21Z,"música tradicional","Pacific Moon",0.64,0.126,2,-16.291,1,0.0524,0.923,0.891,0.174,0.0683,139.689,4
4Rf6R9CCFjuEqqIhXlJEI2,"梅花三弄","乱红","陈悦",2005-08-03,295543,37,dwnqcz9j6flzux88m2by49d4d,2023-05-02T22:41:24Z,"gufeng,música tradicional","Harvest International Media Co., Ltd.",0.345,0.0858,5,-16.049,1,0.0402,0.993,0.891,0.11,0.329,118.405,4
3lDS2CjcI4vTSx7wMOm4hO,"Sea of Spring","Tegoto: Japanese Koto Music","Tomoko Sunazaki",1988-01-01,421560,34,dwnqcz9j6flzux88m2by49d4d,2023-05-02T22:41:35Z,"música clásica japonesa,música tradicional","Fortuna Records",0.236,0.046,9,-24.018,0,0.0468,0.994,0.789,0.126,0.232,81.409,4
2V91P4UFZgM0onvR2QGgKn,"Butterfly Wings","Bamboo Wind","Rosalind Richards",2012-11-22,189079,22,dwnqcz9j6flzux88m2by49d4d,2023-05-02T22:41:39Z,"música clásica japonesa,música tradicional,celta","Rosalind Richards",0.66,0.346,0,-9.792,0,0.0408,0.946,0.925,0.127,0.695,119.973,4
4LZa1nv3FFzjUM7kdtAGDj,"Moonlit Sky","The Tea House","Derek Fiechter,Brandon Fiechter",2017-07-03,232000,34,dwnqcz9j6flzux88m2by49d4d,2023-05-02T22:41:41Z,"medieval,celta","Various Artists",0.425,0.0263,2,-20.751,0,0.0312,0.989,0.801,0.0853,0.3,74.95,4
6pnHESM4hq9Crxxloixt8N,"绿野仙踪","乱红","陈悦",2005-08-03,284285,46,dwnqcz9j6flzux88m2by49d4d,2023-05-17T11:15:09Z,"gufeng,música tradicional","Harvest International Media Co., Ltd.",0.327,0.102,2,-16.979,0,0.0406,0.992,0.958,0.0873,0.367,65.554,4
4YDoRVdnDhVumzPRfzDx0g,"Samurai","Oriental Dreams","Celestial Aeon Project",2018-06-23,114801,30,dwnqcz9j6flzux88m2by49d4d,2023-05-17T11:15:13Z,"medieval,celta","Ouranio Recordings",0.464,0.074,0,-18.972,1,0.0467,0.965,0.941,0.071,0.276,83.745,3
0FLa2HjXOTyXi0ly0nEPUZ,"Upwards to the Moon","Kalimba Collection","April Yang",2021-06-24,162403,26,dwnqcz9j6flzux88m2by49d4d,2023-05-17T11:15:15Z,"","April Yang Music",0.607,0.195,5,-13.646,1,0.166,0.957,0.752,0.284,0.0392,130.247,4
7fQDGOxvHnfG5WGqcxifcQ,"Kitsune Village","The Tea House","Brandon Fiechter",2017-07-03,229565,35,dwnqcz9j6flzux88m2by49d4d,2023-06-01T17:13:48Z,"medieval,celta","Various Artists",0.725,0.279,11,-15.71,1,0.028,0.919,0.953,0.106,0.363,91.984,4
0VyscP08nnuhIJCsghha5d,"君をのせて","久石譲～ギターソロ・アレンジ","Yoshihiro Koseki",2014-04-23,121228,36,dwnqcz9j6flzux88m2by49d4d,2023-06-06T21:50:01Z,"música clásica japonesa","現代ギター",0.556,0.125,7,-18.549,1,0.0516,0.994,0.969,0.104,0.382,104.191,4
3oegFoJUURVUB1YW1nfTbE,"Valley of the Springs","The Tea House","Brandon Fiechter",2017-07-03,242857,37,dwnqcz9j6flzux88m2by49d4d,2023-06-15T16:40:44Z,"medieval,celta","Various Artists",0.6,0.121,6,-13.423,1,0.0299,0.991,0.841,0.108,0.277,84.015,4
5vrq8gh6xfRO4glri9QcXl,"Esashi Oiwake","Yamabiko","Matsu Take Ensemble",2016-06-30,292922,37,dwnqcz9j6flzux88m2by49d4d,2023-06-15T16:40:54Z,"música clásica japonesa,música tradicional","Matsu Take Ensemble",0.281,0.203,7,-12.504,0,0.0362,0.984,0.331,0.206,0.288,92.109,4
3JQyjzHaxwoY5jR5GdtVZV,"Haruyo Koi","Sakura","Aun J-Classic Orchestra",2010-02-03,309266,34,dwnqcz9j6flzux88m2by49d4d,2023-06-15T16:40:55Z,"música clásica japonesa,música tradicional","Media Factory, Inc.",0.472,0.341,2,-9.149,0,0.0303,0.922,0.802,0.183,0.294,144.089,4
5lTwe2ZIK03o1RYixsCvQq,"The Secret Forest","Lotus Blossoms","Derek Fiechter,Brandon Fiechter",2018-04-07,210022,28,dwnqcz9j6flzux88m2by49d4d,2023-06-15T16:40:57Z,"medieval,celta","Derek Fiechter & Brandon Fiechter",0.391,0.186,4,-17.981,0,0.0286,0.92,0.891,0.104,0.36,175.849,4
0qGzFSA5UixwAbB7RSW65M,"Sakura Sakura","Sakura Sakura","Daigo Hanada",2023-04-14,245999,19,dwnqcz9j6flzux88m2by49d4d,2023-06-21T18:37:44Z,"música neoclásica","Universal Music LLC",0.19,0.138,8,-26.813,1,0.0433,0.988,0.85,0.296,0.192,81.763,1
57KAj3x5QwytuyDu2dbXGU,"Chaconne 2 (With Guitar)","From The Yellow Room (The Original & the Very First Recording)","Yiruma",2003-10-23,223960,26,dwnqcz9j6flzux88m2by49d4d,2023-06-21T18:37:51Z,"música neoclásica","Stomp Music",0.637,0.166,7,-18.815,1,0.0425,0.994,0.94,0.0903,0.272,104.078,3
6zsTGVKITrOU4KWqUXExbl,"Path","Lullaby","Mizuyo Komiya",2000-06-13,209733,34,dwnqcz9j6flzux88m2by49d4d,2023-06-30T13:02:10Z,"música clásica japonesa,música tradicional","Pacific Moon",0.426,0.038,0,-17.291,0,0.0355,0.886,0.175,0.0779,0.0414,105.035,4
4jlomhxuDP3BsAEtAVgPCr,"Shoshin wasuru bekarazu","Chansu wa jibun de tsukuru mono","Katsuragi Taisuke",2022-02-05,156000,0,dwnqcz9j6flzux88m2by49d4d,2023-06-30T13:02:13Z,"música clásica japonesa","Wander World Music",0.423,0.0166,0,-32.27,1,0.0357,0.976,0.961,0.0765,0.189,140.08,4
3AjeL190JhXyJEp2qL6HOb,"Kawaakari","Hanami","Chasing Mirrors",2020-10-30,159416,0,dwnqcz9j6flzux88m2by49d4d,2023-06-30T13:02:17Z,"anime","Wander World Music",0.709,0.296,5,-14.373,1,0.0381,0.899,0.963,0.102,0.212,136.973,4
3QqHCYDKL34MuXToS8Zj2P,"Ancient Japan","Traditions d' Asie : Japon","Jaya Satria",2010-12-01,260813,26,dwnqcz9j6flzux88m2by49d4d,2023-06-30T13:02:20Z,"música tradicional","Origins Zen Media",0.297,0.0756,2,-20.397,1,0.0411,0.985,0.09,0.0476,0.226,134.639,5
3w1YeZ6he7YrEbn2jRfRmA,"Snowflakes","Lotus Blossoms","Derek Fiechter,Brandon Fiechter",2018-04-07,241538,29,dwnqcz9j6flzux88m2by49d4d,2023-06-30T13:02:23Z,"medieval,celta","Derek Fiechter & Brandon Fiechter",0.447,0.0198,7,-23.899,0,0.0327,0.972,0.955,0.116,0.16,78.04,4
3qcEMj59lF7Y2IYRWSZLrI,"Tohno","Various ArtistsⅠ.Ⅱ","Tone",1999-04-06,331160,28,dwnqcz9j6flzux88m2by49d4d,2023-06-30T13:02:24Z,"música clásica japonesa,gufeng","Pacific Moon",0.401,0.302,4,-12.031,0,0.0365,0.726,0.917,0.0816,0.202,95.961,3
30sqqpmzzNyIW4z9Yquj8U,"Ichigo ichie","Chansu wa jibun de tsukuru mono","Katsuragi Taisuke",2022-02-05,144000,0,dwnqcz9j6flzux88m2by49d4d,2023-06-30T13:02:27Z,"música clásica japonesa","Wander World Music",0.422,0.0484,5,-26.239,1,0.0371,0.951,0.941,0.127,0.195,139.913,4
63JQZ9Pa3CfwV5MORwqZlo,"Japanese Lanterns","Eastern Winds","Derek Fiechter",2014-11-15,205280,39,dwnqcz9j6flzux88m2by49d4d,2023-06-30T13:02:28Z,"medieval,celta","Various Artists",0.638,0.434,10,-14.656,0,0.0274,0.883,0.945,0.0966,0.226,94.988,4
3j1NuHbq3QNGGBG8ZeGntD,"Japanese Garden","China and Japan","Derek Fiechter,Brandon Fiechter",2015-07-11,215869,31,dwnqcz9j6flzux88m2by49d4d,2023-07-05T12:52:00Z,"medieval,celta","Various Artists",0.83,0.294,9,-13.822,1,0.0632,0.973,0.901,0.103,0.184,91.983,4
49bjQE5LhC4e60LAXfcAnJ,"Liang xiao (Beautiful Evening)","Classical Chinese Folk Music","Dacan Chen",2010-02-01,143213,33,dwnqcz9j6flzux88m2by49d4d,2023-07-05T12:52:02Z,"música clásica japonesa,música tradicional","ARC",0.269,0.0755,6,-15.527,0,0.0388,0.985,0.813,0.0531,0.59,111.437,4
0t95iIHqAVE3A9knJSuut9,"桜小道","Sound Collection","Aun J-Classic Orchestra",2013,308253,23,dwnqcz9j6flzux88m2by49d4d,2023-07-05T12:52:05Z,"música clásica japonesa,música tradicional","HEART TREE",0.4,0.374,0,-9.55,1,0.0313,0.747,0.88,0.11,0.204,96.067,4
4TKvWVBXJEisqNtHtSz027,"Beyond the Window","Lullaby","Mizuyo Komiya",2000-06-13,209613,33,dwnqcz9j6flzux88m2by49d4d,2023-07-05T12:52:07Z,"música clásica japonesa,música tradicional","Pacific Moon",0.567,0.128,2,-16.098,1,0.0575,0.968,0.882,0.0934,0.0546,116.626,3
5ai3YmHlLYTpVqpQOzo9EK,"Lotus Blossoms","Lotus Blossoms","Derek Fiechter,Brandon Fiechter",2018-04-07,229800,30,dwnqcz9j6flzux88m2by49d4d,2023-08-01T14:31:15Z,"medieval,celta","Derek Fiechter & Brandon Fiechter",0.542,0.18,7,-19.57,0,0.0274,0.989,0.89,0.134,0.52,77.008,3
5L8KuPgHlpGbHbt7SvhFCv,"Yuki","Snow","Rikiya Yamashita",2001-10-02,304200,23,dwnqcz9j6flzux88m2by49d4d,2023-08-09T00:09:30Z,"","Pacific Moon",0.676,0.273,10,-16.595,1,0.0754,0.982,0.803,0.0937,0.315,126.351,4
1KsMgXGJh51rJicfmjldvi,"Garden of Peace","The Tea House","Derek Fiechter",2017-07-03,205764,28,dwnqcz9j6flzux88m2by49d4d,2023-08-09T00:09:32Z,"medieval,celta","Various Artists",0.707,0.194,4,-13.129,0,0.0347,0.962,0.806,0.206,0.0929,84.977,4
6TopS9c6EvBkp3ke8Pj3Hp,"Voyage to Asia","Kaori","Eri Sugai",2005-04-05,270026,12,dwnqcz9j6flzux88m2by49d4d,2023-08-11T15:19:26Z,"","Pacific Moon",0.292,0.49,7,-8.841,1,0.0323,0.417,0.137,0.07,0.155,169.784,4
44flzAsOaO2sLtyFw14QTN,"Natsukashi","Natsukashi","Koide Akinori",2022-10-18,178000,4,dwnqcz9j6flzux88m2by49d4d,2023-08-11T15:23:29Z,"","Wander World Music",0.382,0.221,2,-15.759,0,0.0338,0.733,0.759,0.205,0.0387,67.404,4
3YV5Vlz4EvaFdYy9lxisYE,"Lovers (Flower Garden) - House of Flying Daggers","Lovers (Flower Garden) - House of Flying Daggers","Eliott Tordo Erhu",2022-04-15,140803,42,dwnqcz9j6flzux88m2by49d4d,2023-08-11T15:27:51Z,"","iMD-EliottTordo",0.167,0.174,4,-15.662,0,0.0385,0.972,0.901,0.126,0.0372,53.998,4
4amEa4NDuUC9ulTmpF9YRV,"The Way of the Ghost (feat. Clare Uchima)","Ghost of Tsushima (Music from the Video Game)","Ilan Eshkeri,Clare Uchima",2020-07-17,212640,44,dwnqcz9j6flzux88m2by49d4d,2023-08-27T17:58:27Z,"banda sonora","Masterworks",0.123,0.0929,7,-15.265,0,0.0395,0.621,0.00843,0.206,0.0399,78.955,5
2FpjuDgqBuI37uVti80vFz,"Ancient Sage","The Tea House","Brandon Fiechter",2017-07-03,225652,30,dwnqcz9j6flzux88m2by49d4d,2023-09-03T12:13:23Z,"medieval,celta","Various Artists",0.766,0.267,3,-15.634,0,0.0443,0.986,0.926,0.0785,0.662,138.053,4
7FDJQinFQOxhvKBU7gMveV,"Bonsai Lessons","Cobra Kai: Season 1 (Soundtrack from the Original Series)","Leo Birenberg & Zach Robinson",2018-05-04,110267,23,dwnqcz9j6flzux88m2by49d4d,2023-09-08T11:57:09Z,"","Madison Gate Records",0.275,0.00851,9,-34.008,0,0.0409,0.983,0.929,0.0643,0.0428,77.986,4
2NFGNdXOnlZcco20S4q0ip,"A Moment of Unsettledness","Millelith's Watch (Original Game Soundtrack)","HOYO-MiX",2022-06-22,128602,23,dwnqcz9j6flzux88m2by49d4d,2023-09-13T11:41:22Z,"banda sonora","miHoYo",0.11,0.0392,0,-23.637,0,0.0436,0.989,0.898,0.0639,0.0375,92.04,4
6ZzPVYZuKIePQ87qtGBFTp,"時には母のない子のように","カルメン・マキ真夜中詩集-ろうそくの消えるまで-","Carmen Maki",1969,203400,31,dwnqcz9j6flzux88m2by49d4d,2023-09-22T22:13:49Z,"kayōkyoku,enka","Sony Music Direct (Japan) Inc.",0.409,0.269,9,-13.086,0,0.0333,0.623,0.00000498,0.357,0.267,91.324,4
18b8OaACKAqCd1musVkmAe,"家なき子","カルメン・マキ真夜中詩集-ろうそくの消えるまで-","Carmen Maki",1969,284333,23,dwnqcz9j6flzux88m2by49d4d,2023-09-22T22:15:44Z,"kayōkyoku,enka","Sony Music Direct (Japan) Inc.",0.372,0.16,7,-15.742,0,0.0361,0.886,0.000245,0.0905,0.27,101.059,4
75fInBaxgJHTSBT4uVOySo,"マキの子守唄","カルメン・マキ真夜中詩集-ろうそくの消えるまで-","Carmen Maki",1969,217733,22,dwnqcz9j6flzux88m2by49d4d,2023-09-22T22:17:20Z,"kayōkyoku,enka","Sony Music Direct (Japan) Inc.",0.614,0.137,0,-14.353,0,0.0458,0.844,0.00000151,0.128,0.392,112.428,4
1goLLB3LX9bNeVsFeRY5ho,"Kyoto","Minecraft - Volume Beta","C418",2013-11-09,249000,55,dwnqcz9j6flzux88m2by49d4d,2023-09-23T11:37:10Z,"","C418",0.299,0.0318,0,-18.611,1,0.0378,0.947,0.968,0.101,0.0344,68.902,3
0QEeSxED1ATKnB7FpNFuvQ,"An Elusive Curative","Baizhu Mix Collection (From Genshin Impact)","tnbee",2023-05-02,226000,0,dwnqcz9j6flzux88m2by49d4d,2023-09-23T16:15:31Z,"","tnbee",0.413,0.0713,7,-12.235,0,0.0434,0.886,0.909,0.108,0.137,144.786,1
2Rez0Gi5WLoml09b0lIgao,"Fading Memories","Genshin Impact - Islands of the Lost and Forgotten (Original Game Soundtrack)","HOYO-MiX",2022-04-13,90559,43,dwnqcz9j6flzux88m2by49d4d,2023-09-30T15:45:57Z,"banda sonora","miHoYo",0.474,0.0253,2,-27.6,0,0.0346,0.983,0.952,0.111,0.132,72.627,4
4egffUcsEeC3g4rwEagFrd,"The Mountain Pass","Sounds of Japan","Tone",2016-02-24,252893,15,dwnqcz9j6flzux88m2by49d4d,2023-10-01T16:57:30Z,"","Pacific Moon",0.64,0.279,2,-11.81,0,0.0317,0.908,0.456,0.164,0.322,129.964,4
1atfrDDsgifUhpPOqayxff,"Fragrance","Kaori","Eri Sugai",2005-04-05,327160,11,dwnqcz9j6flzux88m2by49d4d,2023-10-02T09:56:21Z,"","Pacific Moon",0.2,0.219,11,-17.862,0,0.0392,0.952,0.0125,0.185,0.103,142.928,4
172MxvROcIAaYUuCu6EhQj,"Golden Crescent","Genshin Impact - The Unfathomable Sand Dunes (Original Game Soundtrack)","HOYO-MiX",2023-04-19,129705,26,dwnqcz9j6flzux88m2by49d4d,2023-10-03T09:15:15Z,"banda sonora","miHoYo",0.147,0.201,5,-15.372,0,0.0411,0.963,0.899,0.106,0.101,170.272,3
7HQPlSCd3LvEMzHfgq8wJK,"Kazuha Moonlit Breeze (Koto Version)","Genshin Impact Relaxing Beside Bed Collection","Beside Bed,Jordy Chandra",2021-07-12,67862,28,dwnqcz9j6flzux88m2by49d4d,2023-10-03T09:15:26Z,"lo-fi","Mellow & Chill Records",0.686,0.19,4,-15.266,0,0.063,0.977,0.836,0.436,0.299,145.035,4
3aNugT13qqQoUKwfJKmcrk,"五月雨","NARUTO-ナルト- 疾風伝　オリジナル・サウンドトラック Ⅱ","Yasuharu Takanashi,YAIBA",2009-12-16,207720,50,dwnqcz9j6flzux88m2by49d4d,2023-10-27T14:59:47Z,"anime,banda sonora","Aniplex Inc.",0.439,0.129,2,-15.99,0,0.0328,0.674,0.96,0.114,0.14,111.654,4
1fk3hmct3A5xzycCtTdvM4,"Interlude (Flute)","Asian Drums II","Kiyoshi Yoshida",2001-09-04,77000,22,dwnqcz9j6flzux88m2by49d4d,2023-10-28T12:51:27Z,"música clásica japonesa,música tradicional","Pacific Moon",0.279,0.0411,5,-20.532,1,0.0487,0.887,0.135,0.118,0.596,138.285,5
35henZKLsQntr7uWGnXiAq,"Drowning love","Drowning love","Eto,minecart",2023-07-31,112890,0,dwnqcz9j6flzux88m2by49d4d,2023-11-11T09:45:02Z,"","5591917 Records DK",0.454,0.597,1,-13.926,1,0.0313,0.648,0.84,0.196,0.227,80.027,4
2gshK8eFuGLQ1suCovQcT5,"Loneliness","Your Story Interactive - Legend of the Willow","Djinotan",2022-05-02,160000,20,dwnqcz9j6flzux88m2by49d4d,2023-11-24T10:10:02Z,"réquiem","Romance Club",0.656,0.361,11,-12.239,0,0.0392,0.941,0.916,0.119,0.161,143.788,5
50SB5x7O6nMDTySLh2pQ29,"Araipast","Your Story Interactive - Legend of the Willow","Djinotan",2022-05-02,105205,13,dwnqcz9j6flzux88m2by49d4d,2023-11-24T10:11:03Z,"réquiem","Romance Club",0.193,0.174,7,-21.364,0,0.0348,0.269,0.811,0.118,0.15,136.434,4
6fgH1Zz2N7PMRYw1qN9I80,"Haru no Umi (The Sea in Spring)","Japanese Folk Songs","Joji Hirota,Lina Zaieri Kiyama,Lisa Perrig Yasutaka,Mari Perrig Yasutaka,Czech Philharmonic Collegium",2007-01-01,574893,40,dwnqcz9j6flzux88m2by49d4d,2023-11-24T10:16:54Z,"música clásica japonesa,música tradicional","ARC",0.253,0.15,2,-14.04,0,0.0361,0.928,0.41,0.108,0.0397,70.926,4
0uTzUf7O6zmYib6ecrJoMs,"First Love","Graces of Asia","Eri Sugai",2000,273066,23,dwnqcz9j6flzux88m2by49d4d,2023-11-26T22:56:30Z,"","Pacific Moon",0.266,0.199,6,-14.249,0,0.0356,0.938,0.845,0.17,0.111,65.274,4
2EzKrmvEobUfh8lCqsFccW,"Titles","Your Story Interactive - Legend of the Willow","Djinotan",2022-05-02,69818,15,dwnqcz9j6flzux88m2by49d4d,2023-11-26T22:57:22Z,"réquiem","Romance Club",0.413,0.162,4,-19.234,0,0.029,0.912,0.932,0.107,0.22,109.697,4
3P9MqM9dpQxhiB31HPUM34,"Erotic Dance","Your Story Interactive - Legend of the Willow","Djinotan",2022-05-02,64000,18,dwnqcz9j6flzux88m2by49d4d,2023-11-26T22:58:07Z,"réquiem","Romance Club",0.818,0.376,2,-13.799,0,0.04,0.687,0.84,0.12,0.303,119.897,4
6ulibN36Fao5s9vq3NskuY,"Ylang Ylang - Slowed","Ylang Ylang (Slowed)","fam0uz",2022-12-24,102478,0,dwnqcz9j6flzux88m2by49d4d,2023-11-30T12:04:47Z,"phonk","fam0uz",0.43,0.0389,2,-18.313,0,0.0356,0.987,0.897,0.0916,0.245,79.019,4
5NN5T3vqcodPdnxta4hU5g,"Mountain Flowers","The Tea House","Derek Fiechter",2017-07-03,215400,28,dwnqcz9j6flzux88m2by49d4d,2023-12-13T00:08:54Z,"medieval,celta","Various Artists",0.795,0.201,9,-10.993,0,0.125,0.91,0.907,0.221,0.347,75.023,4
691aYiZrApkaiiVXf8u2ZC,"The Tea House","The Tea House","Derek Fiechter",2017-07-03,208500,31,dwnqcz9j6flzux88m2by49d4d,2023-12-13T00:08:58Z,"medieval,celta","Various Artists",0.652,0.0611,9,-14.878,0,0.0328,0.99,0.882,0.0614,0.316,80.005,4
5H7iZ2CjRqb6ljg9d3Ksbt,"Kishi Ou No Hokori","Sky's Violin, Vol. 5","Sky",2015-07-01,150199,32,dwnqcz9j6flzux88m2by49d4d,2023-12-16T18:09:59Z,"","Sky's Music",0.291,0.46,5,-11.253,0,0.0357,0.778,0.553,0.143,0.0619,84.975,3
0vVMgoVlHBWlANIrUsRIzP,"Namida no Ato","Nakitai Piano","BGM maker",2021-11-04,291176,33,dwnqcz9j6flzux88m2by49d4d,2023-12-30T23:44:50Z,"","BGM maker",0.637,0.0635,1,-26.338,1,0.0559,0.994,0.925,0.121,0.468,67.991,4
2s6jWjW2PdcyRxYQAffwUE,"Reincarnate","Summer 2021 Anime Piano, Vol.2","Jake Eaw",2021-08-15,89927,38,dwnqcz9j6flzux88m2by49d4d,2023-12-30T23:45:03Z,"","Jake Eaw",0.571,0.247,1,-20.84,1,0.044,0.981,0.954,0.105,0.257,105.048,4
6ZOFbZfuJ8THcWRZv9PNpD,"Fuubutsushi","Hanami","Chasing Mirrors",2020-10-30,143414,0,dwnqcz9j6flzux88m2by49d4d,2024-01-04T12:56:37Z,"anime","Wander World Music",0.673,0.22,8,-11.635,1,0.0372,0.984,0.95,0.101,0.243,81.984,4
7C6cLhDBrX2CuY0BIWfnj5,"Natsukashi","Ikigai","kuroneko,shironeko,Chilled Cat",2023-09-24,174166,34,dwnqcz9j6flzux88m2by49d4d,2024-01-16T21:02:09Z,"lo-fi,lo-fi beats","Chilled Cat Music",0.543,0.224,10,-21.762,0,0.0378,0.827,0.947,0.0937,0.201,144.002,4
3JTeiqzYRk206xeNpunmEc,"Upwards To The Moon","MK 4","MK studio",2021-06-22,229589,2,dwnqcz9j6flzux88m2by49d4d,2024-01-21T08:04:18Z,"música tradicional","MK studio",0.642,0.0504,7,-16.722,0,0.135,0.989,0.822,0.108,0.125,129.674,4
315jxdBIvgk8YHoIHMiod2,"Blue Blue Blue","Sega Genesis","LukassseshkSchultzie",2019-10-25,278009,12,dwnqcz9j6flzux88m2by49d4d,2024-02-20T22:42:17Z,"","Independent",0.319,0.0806,2,-19.358,0,0.0441,0.991,0.934,0.119,0.327,65.861,4
7Mw3lnGwmyifUaz602RwB7,"Echoes of Eternity","Echoes of Eternity","KuroBeat",2025-12-18,171408,0,dwnqcz9j6flzux88m2by49d4d,2024-03-22T13:20:03Z,"","KamuBeats Records",0.259,0.0596,5,-31.471,0,0.0395,0.953,0.948,0.105,0.0378,106.858,3
2TjfVKpVtnrjGKbBDdCtfM,"The Owl ~The owl tells that we have uninvited guests~","The Animal Kingdom vol.1","KOKIA",2017-09-16,288333,36,dwnqcz9j6flzux88m2by49d4d,2024-03-18T11:12:08Z,"anime,j-pop","anco&co.",0.534,0.156,0,-15.888,1,0.034,0.994,0.0164,0.0933,0.147,126.111,3
7mrl62FTE5laT7sKCaqD7x,"Whale ~Come here, mama's treasure~","The Animal Kingdom vol.1","KOKIA",2017-09-16,368466,19,dwnqcz9j6flzux88m2by49d4d,2024-03-18T11:13:15Z,"anime,j-pop","anco&co.",0.347,0.102,2,-18.834,1,0.039,0.994,0.000112,0.539,0.256,179.674,4
7sEvw4dlZHsX814oIFZRU9,"Jellyfish","KOKIA 25th Anniversary Best -The Lighthouse- vol.2","KOKIA",2023-09-29,320026,13,dwnqcz9j6flzux88m2by49d4d,2024-03-18T11:13:52Z,"anime,j-pop","anco&co.",0.316,0.262,0,-12.855,0,0.0387,0.967,0.000374,0.118,0.276,119.055,3
1ghQ6Z06oWV0hRpu63T3M2,"Tiger","KOKIA 25th Anniversary Best -The Lighthouse- vol.2","KOKIA",2023-09-29,334906,8,dwnqcz9j6flzux88m2by49d4d,2024-03-18T11:15:17Z,"anime,j-pop","anco&co.",0.43,0.327,4,-8.642,1,0.0331,0.927,0.000116,0.0723,0.106,129.65,3
7Isi0HZF6mrh44sBcwV5N3,"Horse","KOKIA 25th Anniversary Best -The Lighthouse- vol.2","KOKIA",2023-09-29,287866,8,dwnqcz9j6flzux88m2by49d4d,2024-03-18T11:16:08Z,"anime,j-pop","anco&co.",0.391,0.3,0,-10.442,1,0.0294,0.957,0.0504,0.113,0.119,105.259,4
3I55vxG6IhvvdL5URYwNz2,"Isolated Island","KOKIA 25th Anniversary Best -The Lighthouse- vol.2","KOKIA",2023-09-29,331800,9,dwnqcz9j6flzux88m2by49d4d,2024-03-18T11:16:22Z,"anime,j-pop","anco&co.",0.591,0.51,0,-5.931,0,0.0271,0.97,0.000012,0.106,0.34,127.955,4
2H4cqHXtBQRLuJCI4IUpt4,"Path of the Wind","Ghibliana","Joe Hisaishi,Gaiahne",2024-03-21,248411,10,dwnqcz9j6flzux88m2by49d4d,2024-03-22T13:21:12Z,"música clásica japonesa,anime","Amara LLC, Yerevan",0.448,0.184,8,-19.408,1,0.0479,0.969,0.802,0.104,0.17,71.762,4
0ycUYBjJ3vC70gZ8y6dyXn,"Bubble Main Theme (UTAtoHIBIKI) - Cover","Bubble Main Theme (UTAtoHIBIKI) [Cover]","Samuel Kim",2022-05-19,242431,35,dwnqcz9j6flzux88m2by49d4d,2024-03-23T22:41:42Z,"anime","Samuel Kim Music",0.235,0.273,0,-10.943,1,0.034,0.196,0.43,0.0867,0.0467,126.021,4
4ZklLyx2Dfw0HamIb62Grv,"Ethereal (Slowed)","Ethereal (Remixes)","Txmy",2023-10-28,197647,33,dwnqcz9j6flzux88m2by49d4d,2024-03-23T22:44:07Z,"","The System",0.169,0.344,8,-15.237,0,0.0341,0.892,0.957,0.368,0.39,72.458,4
0wq7WSpQBzXi5U9fXndHpg,"Nagashi","The Temple of Love","Jigoku Shoujo",2020-04-12,130887,21,dwnqcz9j6flzux88m2by49d4d,2024-03-23T22:45:46Z,"","SM 008045 Releases",0.419,0.588,5,-13.29,1,0.0675,0.0746,0.946,0.127,0.194,80.072,4
6vmPUsrVk873GWkJwygHKD,"nagashi","rainy evening","Idealism",2017-08-30,109948,39,dwnqcz9j6flzux88m2by49d4d,2024-03-23T22:46:17Z,"lo-fi,lo-fi beats","Idealism",0.726,0.357,10,-8.727,1,0.044,0.862,0.915,0.134,0.644,85.046,4
13Z3uZXTFpbLBZ8R1rTUKO,"Hearing","Atlas: II","Sleeping At Last",2019-11-01,248635,65,dwnqcz9j6flzux88m2by49d4d,2024-03-23T22:52:42Z,"","Asteroid B-612",0.207,0.292,7,-11.641,1,0.0328,0.818,0.942,0.0934,0.11,141.869,4
7pcTLUekZJQnzDOUDuExVJ,"打上花火","打上花火","Daoko,Kenshi Yonezu",2017-08-16,289334,61,dwnqcz9j6flzux88m2by49d4d,2024-03-23T22:54:03Z,"j-pop,anime,rock japonés","TOY'S FACTORY",0.635,0.667,6,-5.392,1,0.0253,0.207,0,0.108,0.261,96.003,4
5VjYbTKACeRb1kuew9OA3D,"Escape (Slowed + Reverb)","Escape (Remixes)","Kilgore Doubtfire",2024-02-29,322234,44,dwnqcz9j6flzux88m2by49d4d,2024-03-23T22:58:06Z,"","Kilgore Doubtfire",0.243,0.137,11,-24.58,0,0.037,0.989,0.867,0.0954,0.128,60.373,4
6XjqCtJBgZY1uUJCORW4t2,"September - Piano Cover","September - Piano Cover","vagabond,shilou.,vibe,mono._",2023-11-10,133548,59,dwnqcz9j6flzux88m2by49d4d,2024-03-24T10:12:24Z,"dark ambient,lo-fi","vibe",0.627,0.167,1,-22.268,1,0.0404,0.994,0.918,0.106,0.22,124.005,3
0rA3PDSM2E8E8WxdhtCkaD,"the lonely tree (birdies)","the lonely tree","ciaffa",2023-11-02,248711,0,dwnqcz9j6flzux88m2by49d4d,2024-03-24T10:13:35Z,"","ciaffa Records",,,,,,,,,,,,
4vNX1oT5wyFYF3JSS1zkV1,"The Sound of Nothingness","The Sound of Nothingness","Izmi Maruf",2023-11-23,111647,13,dwnqcz9j6flzux88m2by49d4d,2024-03-24T10:14:35Z,"","Maruf Hossen Music",0.316,0.221,3,-19.213,1,0.0384,0.863,0.859,0.117,0.126,133.577,3
3Y9hKhFyg5BrSS8dMU075B,"A Huge Tree in the Tsukamori Forest","My Neighbor Totoro Soundtrack Collection","Joe Hisaishi",1988,135093,52,dwnqcz9j6flzux88m2by49d4d,2024-03-24T10:36:58Z,"música clásica japonesa,anime","Joe Hisaishi",0.391,0.242,8,-14.522,1,0.0323,0.83,0.609,0.096,0.0758,83.969,4
2R16h8puZDJ1BXc5g8xrrX,"Fireworks Festival - Piano Cover","Piano for everyday -Summer in Japan-","sammy",2021-08-12,147500,16,dwnqcz9j6flzux88m2by49d4d,2024-03-24T10:39:04Z,"","sammy",0.344,0.291,9,-20.497,0,0.0641,0.988,0.862,0.108,0.103,142.62,4
7zZomLkXDfnw8UhMvvr2HK,"Kou wo Oikakete - Piano Cover","Piano for everyday -Summer in Japan-","sammy",2021-08-12,122000,49,dwnqcz9j6flzux88m2by49d4d,2024-03-24T10:40:17Z,"","sammy",0.243,0.229,6,-20.156,1,0.0386,0.983,0.88,0.133,0.315,78.402,4
6cWLRE5YPIhuajRVgawuQK,"Luminary - Slowed Down","Luminary","Joel Sunny",2023-09-01,212149,45,dwnqcz9j6flzux88m2by49d4d,2024-03-24T10:55:32Z,"","Joel Sunny",0.244,0.53,4,-9.57,0,0.0418,0.215,0.036,0.177,0.193,120.259,4
0Dpx3wls5gBLlxrKZ4unsi,"Carrying You (From Laputa Castle in the Sky) - Cover Ver.","NEMURERU PIANO ~GHIBLI ONGAKUSHU~","Kstones",2020-12-18,200523,8,dwnqcz9j6flzux88m2by49d4d,2024-03-24T10:58:48Z,"música tradicional","Debut Music",0.563,0.0563,6,-25.646,1,0.038,0.985,0.856,0.066,0.0988,96.59,4
2ysfyrIWbL1vJHeseV1sQI,"The Name of Life (From Spirited Away) - Cover Ver.","NEMURERU PIANO ~GHIBLI ONGAKUSHU~","Kstones",2020-12-18,228333,8,dwnqcz9j6flzux88m2by49d4d,2024-03-24T10:59:37Z,"música tradicional","Debut Music",0.727,0.201,0,-19.717,1,0.0646,0.969,0.815,0.109,0.116,144.019,4
4AD9uv1pffOA7fuXaGH3Z6,"Intervallo II","Veruschka - Poesia di una donna (Original Motion Picture Soundtrack)","Ennio Morricone",1971,237306,56,dwnqcz9j6flzux88m2by49d4d,2024-03-24T11:01:16Z,"banda sonora","EMI General Music srl",0.242,0.0452,11,-22.405,0,0.0398,0.991,0.54,0.137,0.0703,99.349,4
3Ce2v53TXPtaKiHyUXcr0l,"You (From Higurashi No Naku Koro Ni)","VN (Visual Novel Arrangements)","Zeromus",2021,247870,22,dwnqcz9j6flzux88m2by49d4d,2024-03-24T11:16:13Z,"","Rod Herold",0.545,0.215,1,-21.275,1,0.0427,0.964,0.926,0.109,0.264,78.344,4
1SfoQBe91ZqIVuwqsqsO4g,"Shi ga futari o wakatsu made (Till Death Do Us Part)","Mujōken no ai (Unconditional Love)","idokay",2023-03-05,144549,14,dwnqcz9j6flzux88m2by49d4d,2024-03-24T11:16:52Z,"","Artlist Original",0.717,0.246,4,-15.307,0,0.041,0.922,0.929,0.0984,0.159,99.073,4
5YfWlfg49W7u8wxKA1MBhD,"To Love's End (Inuyasha)","To Love's End (Inuyasha)","Eliott Tordo Erhu",2021-09-02,149317,47,dwnqcz9j6flzux88m2by49d4d,2024-03-24T11:19:49Z,"","iMD-EliottTordo",0.213,0.334,7,-12.787,0,0.0384,0.887,0.697,0.147,0.0537,59.379,4
7KT7QrDVkuuC5P51pKU9ie,"Pandora No Hako (From Saint Seiya) [Harp Solo Version]","Pandora's Box, Andromeda Shun His Fight","Seiji Yokoyama,Budapest Symphony Orchestra",2020-02-28,100000,35,dwnqcz9j6flzux88m2by49d4d,2024-03-24T11:23:12Z,"anime,clásica,orquesta","Inory Music",0.463,0.0533,0,-29.738,1,0.065,0.984,0.942,0.109,0.202,146.076,4
3eqcltD0qRNnLPAfVqhqNu,"Voices of Fornburg","Assassin's Creed Valhalla: Twilight of the Gods (Original Soundtrack)","Sarah Schachner,Assassin's Creed",2021-01-29,123653,44,dwnqcz9j6flzux88m2by49d4d,2024-03-24T11:23:51Z,"banda sonora,salomas","Lakeshore Records",0.265,0.254,10,-12.559,1,0.0273,0.301,0.59,0.103,0.0754,79.863,4
6VjnXCtrIeX0vcrUX31TXr,"Love Story","Love Story","Flavio Belardo",2023-11-15,102624,43,dwnqcz9j6flzux88m2by49d4d,2024-03-24T11:24:15Z,"","Flavio Belardo",0.669,0.122,10,-20.423,0,0.0428,0.989,0.91,0.117,0.361,98.967,1
5ZBJFx4jQVwDYu8J3ugv7n,"Time to Ponder with Relaxing Rain Sounds, Pt. 15","Time to Ponder with Relaxing Rain Sounds","Rain Meditations",2022-10-23,130091,7,dwnqcz9j6flzux88m2by49d4d,2024-03-24T11:28:45Z,"","Rain 1 Records",0.328,0.273,7,-30.46,1,0.0437,0.645,0.948,0.124,0.126,52.933,3
4Cx1roYpSYOuaQhLV0FyDO,"fish in the pool・花屋敷","fish in the pool","Hekuto Pascal",2015-02-18,276386,51,dwnqcz9j6flzux88m2by49d4d,2024-03-24T11:30:10Z,"","REM",0.495,0.115,0,-15.059,1,0.0292,0.601,0.794,0.0932,0.502,143.945,3
6Aw8yXEawOcCOTE4Vgs5Ki,"Find a Melody (Slowed)","Find a Melody (Slowed)","Andrea Vanzo",2023-07-21,179415,41,dwnqcz9j6flzux88m2by49d4d,2024-03-24T11:35:00Z,"","Sorboleto Lab",0.569,0.0545,7,-24.561,0,0.0446,0.99,0.934,0.0686,0.0782,114.376,4
1P7atQdeZXyt2fS3J83O6y,"やさしい光","心を温める","BGM Zone",2022-09-28,273507,0,dwnqcz9j6flzux88m2by49d4d,2024-03-24T11:40:25Z,"","BGM Zone",0.55,0.439,7,-11.995,0,0.0383,0.929,0.923,0.168,0.448,163.955,4
5LsJHnC9JWu7qUOiqEREVD,"不怨（《将夜2》影视剧插曲）","不怨（《将夜2》影视剧插曲）","宋伊人,王鹤棣",2020-01-20,264882,28,dwnqcz9j6flzux88m2by49d4d,2024-03-24T11:41:44Z,"c-pop,mandopop","讯飞音乐",0.53,0.459,4,-8.307,0,0.0305,0.733,0,0.142,0.214,67.891,4
7w1LRf88EU8LJhc9C1lYBm,"琵琶行（抒情版）","琵琶行（抒情版）","奇然,沈謐仁",2019-07-05,495277,24,dwnqcz9j6flzux88m2by49d4d,2024-03-24T11:41:50Z,"gufeng,c-pop","北京伯音時代文化傳媒有限公司",0.525,0.459,5,-9.103,0,0.0338,0.41,0.00000203,0.0865,0.472,130.008,4
7aTuZWl7qYNYBAHDOurXOx,"ICARUS","AWAKENING","Tony Ann",2023-12-15,199467,59,dwnqcz9j6flzux88m2by49d4d,2024-03-24T11:45:01Z,"","Universal Music Division Decca Records France",0.6,0.192,0,-17.904,0,0.0335,0.96,0.946,0.136,0.126,97.921,4
36UsvP1OMgY7Brn6LDIqi0,"The Owl ~The owl tells that we have uninvited guests~","The Owl","KOKIA",2017-10-08,290000,29,dwnqcz9j6flzux88m2by49d4d,2024-03-24T12:28:00Z,"anime,j-pop","anco&co.",0.532,0.0907,0,-20.467,1,0.0348,0.994,0.000797,0.104,0.135,125.609,3
2DyFjUxqoE3T2wZt4pnu2d,"Japanese style Music - Ryokan -","Traditional Japanese Inn Music Collection","Rei Nishiwaki",2020-01-03,212171,37,dwnqcz9j6flzux88m2by49d4d,2024-03-24T12:30:19Z,"celta,medieval","Rei Nishiwaki",0.773,0.436,2,-12.666,0,0.252,0.949,0.773,0.651,0.133,75.981,4
5ZFFARxXf7KqLEIaVA27li,"Runaway (Violin)","Runaway (Violin)","Dramatic Violin",2021-04-26,245228,52,dwnqcz9j6flzux88m2by49d4d,2024-03-25T13:54:34Z,"","Joel Sunny",0.151,0.569,2,-6.205,1,0.0554,0.269,0,0.103,0.0769,49.194,4
7COLWiJDOblr1SiyDnsHae,"Into the Woods","Into the Woods","Joel Sunny",2023-04-21,252363,55,dwnqcz9j6flzux88m2by49d4d,2024-03-25T13:58:18Z,"","Joel Sunny",0.237,0.69,0,-6.404,1,0.0588,0.387,0.147,0.337,0.0763,81.583,3
6AFkv6rIVRusZNifR74Q7t,"Shingeki Gt 20130218 Kyojin","TV Anime Attack on Titan Season 2 (Original Soundtrack)","Sawano Hiroyuki",2017-06-07,151400,56,dwnqcz9j6flzux88m2by49d4d,2024-03-26T19:59:39Z,"anime,banda sonora","PONY CANYON",0.159,0.197,9,-15.228,0,0.0312,0.505,0.94,0.127,0.125,85.869,3
3nIHTZJyQgo7alF9TV7Jeb,"Cherry Blossoms","Cherry Blossoms","Eliott Tordo Erhu",2024-04-02,285005,0,dwnqcz9j6flzux88m2by49d4d,2024-04-02T06:42:44Z,"","iMD-EliottTordo",0.186,0.22,0,-13.588,0,0.0349,0.803,0.847,0.148,0.117,122.47,3
2it53ppFi6KktWvV2gPGVu,"Kimi ga Yobu Namae~Yume no Tsuzuki - Piano Cover","Piano for everyday -Summer in Japan-","sammy",2021-08-12,175000,30,dwnqcz9j6flzux88m2by49d4d,2024-04-03T22:37:28Z,"","sammy",0.504,0.0141,10,-26.936,0,0.0972,0.994,0.89,0.103,0.207,91.471,4
3Ul2bybV4pRlLdSIgNmIri,"Nezuko Theme","Demon Slayer: Epic Collection Vol.2","Samuel Kim",2021-10-14,212964,0,dwnqcz9j6flzux88m2by49d4d,2024-04-03T22:40:01Z,"anime","Samuel Kim Music",0.159,0.354,2,-8.699,0,0.0307,0.529,0.124,0.242,0.177,66.183,4
6bpmBNPfQ2KFAW0ik6F9Vq,"La Valse d'Amélie - Version piano","Le Fabuleux destin d'Amélie Poulain (Bande originale du film)","Yann Tiersen",2001-04-23,158666,64,dwnqcz9j6flzux88m2by49d4d,2024-04-04T14:33:27Z,"","UGC Images/ADA France",0.194,0.179,9,-16.834,0,0.0422,0.988,0.866,0.0819,0.179,177.694,3
5ICz8pznLXbzQycZ50iVwv,"La maison","Le Fabuleux destin d'Amélie Poulain (Bande originale du film)","Yann Tiersen",2001-04-23,123920,41,dwnqcz9j6flzux88m2by49d4d,2024-04-04T14:35:53Z,"","UGC Images/ADA France",0.239,0.194,9,-13.141,0,0.0307,0.975,0.877,0.0955,0.0391,74.79,4
6Loj3Jzawx741AXm0JLweH,"King’s Love Waltz","The King's Affection OST","PARK MIN JI",2021-11-30,156826,4,dwnqcz9j6flzux88m2by49d4d,2024-04-04T14:43:29Z,"","Beyond Music",0.526,0.302,0,-10.215,0,0.0319,0.943,0.871,0.196,0.19,115.876,4
0zuSXiYYKfBRsuDeSQ9Rli,"ふれる","サイレントラブ (オリジナル・サウンドトラック)","Joe Hisaishi",2024-01-24,52866,21,dwnqcz9j6flzux88m2by49d4d,2024-04-05T19:18:55Z,"música clásica japonesa,anime","Universal Music LLC",0.517,0.0569,9,-24.077,0,0.0447,0.989,0.889,0.101,0.201,80.266,4
42r7clUH1Hsj2rUXgZmOA2,"静かな二人","サイレントラブ (オリジナル・サウンドトラック)","Joe Hisaishi",2024-01-24,195600,24,dwnqcz9j6flzux88m2by49d4d,2024-04-05T19:19:02Z,"música clásica japonesa,anime","Universal Music LLC",0.574,0.217,6,-19.744,0,0.0622,0.982,0.532,0.13,0.123,176.131,4
5CIzbW9WRqAptoFORvcEvc,"救いの音","サイレントラブ (オリジナル・サウンドトラック)","Joe Hisaishi",2024-01-24,92693,21,dwnqcz9j6flzux88m2by49d4d,2024-04-05T19:19:32Z,"música clásica japonesa,anime","Universal Music LLC",0.457,0.0909,10,-21.864,0,0.051,0.98,0.898,0.109,0.0742,86.114,3
4byBEHUJ8hk5zMT6tmD7l9,"神の手","サイレントラブ (オリジナル・サウンドトラック)","Joe Hisaishi",2024-01-24,131840,23,dwnqcz9j6flzux88m2by49d4d,2024-04-05T19:20:21Z,"música clásica japonesa,anime","Universal Music LLC",0.56,0.2,6,-17.57,0,0.0359,0.98,0.623,0.0939,0.114,86.002,4
38gEbPQFRiw7DkZPE8jPkD,"戸惑い","サイレントラブ (オリジナル・サウンドトラック)","Joe Hisaishi",2024-01-24,55066,20,dwnqcz9j6flzux88m2by49d4d,2024-04-05T19:21:24Z,"música clásica japonesa,anime","Universal Music LLC",0.593,0.0344,10,-22.841,0,0.091,0.989,0.615,0.138,0.376,91.993,4
1unRO9oVFD2i1a1Y17jYPN,"やさしい風の中","サイレントラブ (オリジナル・サウンドトラック)","Joe Hisaishi",2024-01-24,86533,20,dwnqcz9j6flzux88m2by49d4d,2024-04-05T19:21:57Z,"música clásica japonesa,anime","Universal Music LLC",0.251,0.261,2,-15.296,1,0.0418,0.971,0.836,0.102,0.0397,81.74,4
5qTQXRj49XIQoUYShqlLnn,"歪み","サイレントラブ (オリジナル・サウンドトラック)","Joe Hisaishi",2024-01-24,75266,20,dwnqcz9j6flzux88m2by49d4d,2024-04-05T19:22:04Z,"música clásica japonesa,anime","Universal Music LLC",0.344,0.0367,2,-22.55,0,0.0446,0.983,0.904,0.124,0.0994,135.006,4
5A3VxWsZzEgiLk67G5KfAe,"傷だらけの手","サイレントラブ (オリジナル・サウンドトラック)","Joe Hisaishi",2024-01-24,138160,19,dwnqcz9j6flzux88m2by49d4d,2024-04-05T19:24:22Z,"música clásica japonesa,anime","Universal Music LLC",0.423,0.196,9,-17.645,0,0.0345,0.986,0.42,0.103,0.146,81.579,4
1HwZqnjCCpzwM9bOtDtnNl,"君をのせて","君をのせて","Akanen",2023-11-10,180213,0,dwnqcz9j6flzux88m2by49d4d,2024-04-05T19:29:16Z,"","Akanen Music",0.425,0.0491,0,-22.599,0,0.0513,0.978,0.859,0.0957,0.0969,91.485,4
55hlELnVdpCtQDBa5qc15j,"Gathering Wildflowers","Meandering in Streams of Reflection","Novemthree",2009-02-03,102999,18,dwnqcz9j6flzux88m2by49d4d,2024-04-16T13:25:57Z,"neofolk","LSR",0.612,0.187,2,-17.141,0,0.0361,0.952,0.933,0.0858,0.221,158.459,4
1BHNeB1oe7Ld8kSSm24Awc,"Moegi (Light Green)","Color","Mizuyo Komiya",1999-04-06,92466,19,dwnqcz9j6flzux88m2by49d4d,2024-04-16T13:28:45Z,"música clásica japonesa,música tradicional","Pacific Moon",0.301,0.466,9,-11.417,0,0.044,0.913,0.925,0.0996,0.102,76.421,4
4fE46QGcoIDjW8ocPjvrOB,"輝く空の星々","BGM 作業","BGM Zone",2022-08-24,89721,0,dwnqcz9j6flzux88m2by49d4d,2024-04-16T14:30:04Z,"","BGM Zone",0.638,0.116,2,-18.377,1,0.0466,0.963,0.739,0.152,0.348,146.066,4
7CJo3FtjAQF7SmjL4plP0d,"Yearning","Yearning","MK studio",2024-03-01,308270,9,dwnqcz9j6flzux88m2by49d4d,2024-04-17T18:22:10Z,"música tradicional","MK studio",0.286,0.274,2,-12.732,0,0.0313,0.566,0.0288,0.42,0.323,185.061,4
1Z0l73nWXWoynRFYplkvMY,"Wanderlust","Wanderlust","MK studio",2024-02-08,248586,9,dwnqcz9j6flzux88m2by49d4d,2024-04-17T18:22:18Z,"música tradicional","MK studio",0.631,0.764,11,-7.183,0,0.0356,0.624,0.815,0.475,0.733,120.967,4
1vKlgo0bqvgib8jRYAFxQs,"Asian Love","World Music Asia","Marcus Bressler",2023-07-15,166257,11,dwnqcz9j6flzux88m2by49d4d,2024-04-24T20:15:46Z,"","Marcus Bressler Music",0.382,0.188,4,-14.86,0,0.0299,0.956,0.929,0.103,0.233,79.957,4
2BijpW9hFeLgJpWei4zdkg,"Asian Love","Sound of KYOTO～すきま～／Love Songs","永野光浩",2008-12-24,347506,8,dwnqcz9j6flzux88m2by49d4d,2024-04-24T20:16:33Z,"","サウンド・ワークスNa-Na",0.159,0.0436,8,-21.889,1,0.0348,0.819,0.0723,0.0725,0.0371,87.688,1
65hfriRuInPko1c9mw7TNU,"Mae muki ni ne","Chansu wa jibun de tsukuru mono","Katsuragi Taisuke",2022-02-05,166000,0,dwnqcz9j6flzux88m2by49d4d,2024-04-24T20:35:12Z,"música clásica japonesa","Wander World Music",0.494,0.0326,10,-32.115,0,0.0366,0.93,0.908,0.163,0.0676,120.105,4
271JWzFQAZD5kfAIkpuW41,"森","远音","远音",2007-11-05,317840,17,dwnqcz9j6flzux88m2by49d4d,2024-04-24T20:35:41Z,"","Pacific Moon",0.476,0.259,2,-12.937,0,0.0309,0.914,0.882,0.125,0.222,134.571,3
20rbqu4rvkZjCWTxyEivmV,"樱花","月光","贾鹏芳",2006-10-05,316200,24,dwnqcz9j6flzux88m2by49d4d,2024-04-24T20:36:13Z,"música tradicional,gufeng","Pacific Moon",0.317,0.267,0,-11.513,0,0.0353,0.822,0.000111,0.111,0.0734,119.768,3
1oI2gecUQxaWrSEVNE3Zhx,"Furusato","Lullaby","Mizuyo Komiya",2000-06-13,396066,24,dwnqcz9j6flzux88m2by49d4d,2024-04-24T20:37:15Z,"música clásica japonesa,música tradicional","Pacific Moon",0.49,0.151,3,-15.115,1,0.0682,0.801,0.647,0.109,0.0389,121.454,4
5TBRdGdn8nqubjwYwwb4K6,"Stardust Tapestry","Road to Oasis","Missa Johnouchi & the Li-Hua Ensemble",2002-02-05,260640,28,dwnqcz9j6flzux88m2by49d4d,2024-04-24T20:37:19Z,"música tradicional","Pacific Moon",0.284,0.379,6,-11.462,0,0.0292,0.286,0.0287,0.0924,0.277,171.771,4
4RIXxIswu8d69fa4iKHAgw,"宁月","河","贾鹏芳",1999-11-20,266360,27,dwnqcz9j6flzux88m2by49d4d,2024-04-24T20:37:24Z,"música tradicional,gufeng","Pacific Moon",0.0998,0.341,7,-11.486,0,0.0363,0.816,0.524,0.112,0.125,67.49,3
4NqWZTOAWMMQ0b1PbzjeX8,"Chansu wa jibun de tsukuru mono","Chansu wa jibun de tsukuru mono","Katsuragi Taisuke",2022-02-05,152206,0,dwnqcz9j6flzux88m2by49d4d,2024-04-24T20:37:29Z,"música clásica japonesa","Wander World Music",0.337,0.138,7,-23.991,0,0.0457,0.902,0.93,0.11,0.135,119.649,4
45u9QwKQTdZktd1PUbJZhe,"Origami Master","China and Japan","Brandon Fiechter",2015-07-11,210340,36,dwnqcz9j6flzux88m2by49d4d,2024-04-24T20:37:33Z,"medieval,celta","Various Artists",0.802,0.283,9,-14.808,0,0.164,0.983,0.911,0.0815,0.44,88.002,4
54j8sRax3SMhpP6Dzvxfhv,"Itsumo Nandodemo (Spirited Away)","Wa-Gakki de Ghibli","Aun J-Classic Orchestra",2008,238880,42,dwnqcz9j6flzux88m2by49d4d,2024-04-24T20:39:06Z,"música clásica japonesa,música tradicional","Media Factory, Inc.",0.556,0.273,5,-8.824,1,0.0359,0.985,0.874,0.144,0.479,119.97,3
0VG8X3Blvud8DMsP7TbBVH,"Kaze No Torimichi (My Neighbor Totoro)","Wa-Gakki de Ghibli","Aun J-Classic Orchestra",2008,231013,21,dwnqcz9j6flzux88m2by49d4d,2024-04-24T20:40:08Z,"música clásica japonesa,música tradicional","Media Factory, Inc.",0.392,0.449,5,-7.909,1,0.0295,0.938,0.83,0.109,0.651,75.842,4
0SZ11l9wfyh5420hFgN4XA,"Princess Mononoke (Princess Mononoke)","Wa-Gakki de Ghibli","Aun J-Classic Orchestra",2008,259986,25,dwnqcz9j6flzux88m2by49d4d,2024-04-24T20:40:45Z,"música clásica japonesa,música tradicional","Media Factory, Inc.",0.322,0.338,2,-9.554,0,0.0288,0.944,0.687,0.121,0.22,84.22,4
1hd4j4BYEGDh04DPSEeqXw,"Gone With The Tide","Gone with the Tide","Eliott Tordo Erhu,Eliott Tordo",2024-04-27,297187,22,dwnqcz9j6flzux88m2by49d4d,2024-05-03T12:31:46Z,"","iMD-EliottTordo",0.0643,0.359,0,-13.44,0,0.0345,0.541,0.948,0.115,0.045,66.519,3
0jzRkLpWNMu6GMgSComXZY,"Yin Yang","Tempura's Temple","Lofi Fruits Music,Chill Fruits Music",2022-01-14,118344,16,dwnqcz9j6flzux88m2by49d4d,2024-05-05T11:21:52Z,"lo-fi,lo-fi beats","Fruits Music",0.734,0.36,2,-16.069,1,0.0357,0.9,0.902,0.0908,0.237,87.309,4
7Ig4RGxupRw1vwiZv3zirD,"Yin & Yang","Feng Shui: Music for Balanced Living","Daniel May",2013-11-27,418445,27,dwnqcz9j6flzux88m2by49d4d,2024-05-05T11:22:03Z,"","Avalon",0.364,0.193,9,-15.19,0,0.0364,0.972,0.823,0.0956,0.0399,126.836,4
0jRTNM7BrtuHVzO8jmdeu7,"Yin and Yang","Yin and Yang","Joaqino Bianco",2022-08-05,152396,33,dwnqcz9j6flzux88m2by49d4d,2024-05-05T11:23:33Z,"","Dream Relaxation",0.432,0.0145,9,-25.698,0,0.0773,0.987,0.957,0.0854,0.243,127.844,4
2gEMezYfDfRJcHdsiDZpMC,"Hide - Bibio Rework","Hide (Bibio Rework)","Dorian Concept",2024-04-17,210582,43,dwnqcz9j6flzux88m2by49d4d,2024-05-12T13:29:16Z,"","Play Instinct",0.437,0.472,1,-12.922,0,0.028,0.929,0.856,0.141,0.268,98.867,4
7yBifsmKjZ79IYN2mhFacP,"Wanderer Theme (Of Solitude Past and Present)","Wanderer Theme (Of Solitude Past and Present)","Eliott Tordo Erhu",2024-05-17,134307,22,dwnqcz9j6flzux88m2by49d4d,2024-05-18T10:06:29Z,"","iMD-EliottTordo",0.223,0.555,0,-12.361,0,0.0511,0.623,0.967,0.257,0.15,66.427,4
2zcRMPwlN9irGwZBT7YU87,"鴨川の流れ","京都へおこしやす！","栗山 和樹",2008,139053,37,dwnqcz9j6flzux88m2by49d4d,2024-05-18T10:06:48Z,"música tradicional,música clásica japonesa","ミリカ・ミュージック",0.238,0.312,5,-12.581,1,0.0316,0.344,0.857,0.12,0.169,76.107,4
2EtylTLR4iZjqRnUTC8Uqm,"宇宙","悠","姜小青",2002-04-02,181000,31,dwnqcz9j6flzux88m2by49d4d,2024-05-18T10:06:49Z,"música tradicional,gufeng","Pacific Moon",0.345,0.2,7,-16.383,1,0.0621,0.938,0.788,0.106,0.161,83.392,3
2Lo335Bi9dbHC1nzAjvZZo,"落花蕩漾愁空樹","簫瀟雨歇","周志宏,黃治評,陳主惠,杜俊輝",2011-10-11,290640,35,dwnqcz9j6flzux88m2by49d4d,2024-05-27T20:58:05Z,"gufeng,música tradicional","Asia Recording Co., Ltd.",0.226,0.426,4,-6.249,0,0.0343,0.782,0.00131,0.926,0.142,143.332,1
1cNo6OPWwYnOwtxJ1XLN3v,"ICARUS - Orchestral Version","ICARUS (Orchestral Version)","Tony Ann,ARKAI",2024-06-07,170306,0,dwnqcz9j6flzux88m2by49d4d,2024-06-10T13:14:40Z,"","Universal Music Division Decca Records France",0.336,0.337,0,-14.106,0,0.0291,0.708,0.904,0.186,0.048,98.384,4
7GxC5aMFVoniv9lJMEgsAr,"Idea 20 (Orchestral Version)","Idea 20","Gibran Alcocer",2024-06-10,172000,60,dwnqcz9j6flzux88m2by49d4d,2024-06-10T13:20:20Z,"","Gibran Alcocer",0.216,0.356,0,-19.471,0,0.0401,0.939,0.848,0.105,0.338,167.096,3
3a6YV8bZEdAhNFhKwkp4r1,"Follow You Into The Dark","Follow You Into The Dark","MK studio",2024-06-21,308479,8,dwnqcz9j6flzux88m2by49d4d,2024-06-22T13:07:50Z,"música tradicional","MK studio",0.71,0.0612,0,-13.812,1,0.0671,0.77,0.676,0.086,0.149,100.049,4
0ua7ybZCS1WB4ATKOjaCfD,"Restaurante Chino","Restaurante Chino: Música de Ambiente Intrumental China con Sonidos de la Naturaleza","Fondo Musical Restaurante,Restaurant Background Music",2019-08-28,372001,10,dwnqcz9j6flzux88m2by49d4d,2024-06-24T09:22:24Z,"","Supergreen",0.17,0.202,10,-19.877,1,0.0371,0.796,0.874,0.11,0.0352,107.496,4
7A7lxMWZI2Uow7WqWjWGcM,"Date","Your Name.","RADWIMPS",2016-08-24,245906,53,dwnqcz9j6flzux88m2by49d4d,2024-06-25T07:10:56Z,"anime,j-pop,rock japonés","EMI Records",0.673,0.119,5,-20.274,1,0.0656,0.985,0.73,0.114,0.478,123.87,4
5x25pLcNAkMWDuMUWAs3AN,"A Walk Along the Gates","Morelocke, Sa Bruxa Split","MORELOCKE",2018-03-01,239142,46,dwnqcz9j6flzux88m2by49d4d,2024-07-09T21:29:30Z,"dark ambient","Clan Destine Records",0.137,0.125,3,-17.843,1,0.0334,0.983,0.78,0.201,0.0363,75.216,4
3sErBpJMDv38I17DnEhzxx,"Mulan's Decision","Mulan (Original Motion Picture Soundtrack/Japanese Version)","Jerry Goldsmith,Disney",2009-07-29,200840,11,31s2a2i5horgveyssarbvpwvccnq,2024-08-03T14:11:12Z,"banda sonora","Walt Disney Records",0.196,0.262,5,-19.396,1,0.0486,0.633,0.837,0.145,0.0658,77.332,3
2NRClj4jFGy35kmAooFcTN,"The Only Way is Down","Victoria & Abdul (Original Motion Picture Soundtrack)","Thomas Newman",2017-09-15,73572,50,31s2a2i5horgveyssarbvpwvccnq,2024-08-04T20:22:53Z,"banda sonora","Back Lot Music",0.27,0.00858,1,-33.835,1,0.0407,0.917,0.153,0.0809,0.116,48.028,4
6jUNHWILeR4SVtNNBnKpCv,"Oyasumi","Lullaby","Mizuyo Komiya",2000-06-13,93200,18,31s2a2i5horgveyssarbvpwvccnq,2024-08-12T15:50:45Z,"música clásica japonesa,música tradicional","Pacific Moon",0.421,0.0353,1,-17.897,1,0.0391,0.942,0.0146,0.0645,0.0365,100.56,4
1semc1Hwa0fEzWnNCP6yZf,"Shoto: Embrace the Wind","Ki","Federico Corradini",2024-01-23,162755,43,31s2a2i5horgveyssarbvpwvccnq,2024-08-12T15:50:47Z,"","Wander World Music",0.547,0.329,2,-11.312,0,0.0317,0.838,0.919,0.075,0.228,123.028,4
3yNwmtTWWVypuBmWNPPglr,"Transcend","Transcend","IRSNa",2023-07-03,121714,42,31s2a2i5horgveyssarbvpwvccnq,2024-08-13T10:13:07Z,"","Kurate Covers",0.573,0.145,5,-24.605,0,0.114,0.988,0.898,0.107,0.68,112.975,3
1BlPSQZ2PIYk41YSewpjEF,"Kintsukuroi","Natsukashi","Koide Akinori",2022-10-18,293867,2,31s2a2i5horgveyssarbvpwvccnq,2024-08-29T17:50:06Z,"","Wander World Music",0.257,0.0377,7,-28.587,0,0.0347,0.778,0.918,0.158,0.0368,144.489,4
2cVm9F9A5qIaxPAp5WVOMu,"Nocturne","Breathing Spaces","Jiang Xiao-Qing",2002-04-02,320000,36,31s2a2i5horgveyssarbvpwvccnq,2024-08-29T17:50:06Z,"música tradicional","Pacific Moon",0.517,0.199,7,-14.003,1,0.032,0.957,0.856,0.114,0.0689,140.145,4
1XR1DREXWoLvH5at3T9KCg,"Chinese Twilight","Symphonies of Wellness","Klaus Schønning",2006-01-01,300240,42,31s2a2i5horgveyssarbvpwvccnq,2024-08-29T17:54:45Z,"new age","MusicVenture",0.227,0.0973,2,-19.631,0,0.0389,0.932,0.791,0.107,0.12,129.162,4
0XvDGPH757FBNWPniFV8Xb,"乱红","乱红","陈悦",2005-08-03,308273,41,31s2a2i5horgveyssarbvpwvccnq,2024-08-29T17:56:02Z,"gufeng,música tradicional","Harvest International Media Co., Ltd.",0.459,0.206,9,-11.83,0,0.038,0.81,0.0000442,0.104,0.177,113.536,4
3Du4zqNyllOOnLAuwSMutE,"美丽的神话","草原筝醉 (翻译)","何莹",2015,285947,35,31s2a2i5horgveyssarbvpwvccnq,2024-08-29T17:56:11Z,"","怡人唱片",0.538,0.31,9,-12.656,0,0.0282,0.504,0.00689,0.222,0.212,129.997,4
5ZXftinY2hIwD0eZ7ovnAp,"Summer","Dream Songs: The Essential Joe Hisaishi","Joe Hisaishi,London Symphony Orchestra",2020-02-21,244320,44,31s2a2i5horgveyssarbvpwvccnq,2024-09-13T20:17:39Z,"música clásica japonesa,anime,clásica,orquesta,ópera","Universal Music LLC",0.38,0.15,2,-17.716,1,0.0356,0.977,0.918,0.0941,0.337,84.451,4
6XPYPchsGj40NxVLe3m7AM,"While My Guitar Gently Weeps","Kubo and the Two Strings (Original Motion Picture Soundtrack)","Regina Spektor",2016-08-05,323786,46,31s2a2i5horgveyssarbvpwvccnq,2024-09-13T20:17:50Z,"","Warner Records",0.696,0.315,11,-15.067,0,0.0318,0.237,0.0000406,0.131,0.224,112.998,4
0IJLrjxPvKBImL26jB1glS,"The Journey Begins - From Mulan II/Score","Mulan II","Joel McNeely",2004-01-01,179160,31,31s2a2i5horgveyssarbvpwvccnq,2024-09-14T21:02:51Z,"","Walt Disney Records",0.179,0.128,0,-17.503,1,0.0382,0.892,0.967,0.0937,0.0721,82.736,4
1k139WQWM08Thns8zBH4rf,"Far East","Far East","Celestial Aeon Project,ASKII",2021-01-15,216183,26,31s2a2i5horgveyssarbvpwvccnq,2024-10-01T20:35:12Z,"medieval,celta","Ouranio Recordings",0.225,0.301,4,-13.141,0,0.0386,0.797,0.102,0.0845,0.0917,69.799,3
3VYXUWjLRiRHJ4zM9MUZbz,"夜の月","夜の月","BGM Zone,PurePiano",2024-10-12,215690,24,31s2a2i5horgveyssarbvpwvccnq,2024-10-12T13:19:42Z,"","Chilled Piano Production",0.745,0.135,1,-16.78,1,0.0466,0.954,0.86,0.1,0.127,106.029,4
5lwrnicc6OVG1swJdmOO4Z,"Welcome to Path","Welcome to Path","Kezsar",2022-07-20,194357,32,31s2a2i5horgveyssarbvpwvccnq,2024-10-18T16:04:08Z,"","kezsar",0.676,0.323,1,-12.063,1,0.0355,0.358,0.944,0.114,0.045,109.993,4
7pMnN9HP8oep8kzvbqbM51,"梦幻欧罗巴","乱红","陈悦",2005-08-03,270729,34,31s2a2i5horgveyssarbvpwvccnq,2024-10-20T08:43:11Z,"gufeng,música tradicional","Harvest International Media Co., Ltd.",0.361,0.0759,5,-18.243,1,0.0446,0.994,0.869,0.102,0.179,139.681,3
6nml0eWYnHHmaGwEP6rlPs,"Voice of Nature","Voice of Nature","Lesfm,Olexy",2022-08-02,194803,44,31s2a2i5horgveyssarbvpwvccnq,2024-10-30T22:19:51Z,"","lesfreemusic",0.379,0.0798,0,-21.701,1,0.0435,0.934,0.915,0.111,0.226,133.363,3
7MaqguAYXvxbTNT9xkoYNh,"鸿迹","鸿迹","变奏的梦想",2018-07-24,271300,42,31s2a2i5horgveyssarbvpwvccnq,2024-12-01T21:14:58Z,"gufeng,música tradicional","循梦渡",0.663,0.284,9,-12.308,0,0.0258,0.847,0.87,0.208,0.223,103.997,4
7dxZe6weXZEaCjh5DIFnye,"THERE IS A REASON","LIFE of DASH","Konomi Suzuki",2017-12-20,294120,46,31s2a2i5horgveyssarbvpwvccnq,2024-12-15T09:48:24Z,"anime,j-pop,rock japonés","KADOKAWA",0.556,0.817,6,-3.92,0,0.0485,0.186,0,0.0876,0.327,134.015,4
6QsUHsqT7jiWLnDM3oudI4,"Big In Japan","Los Japón (Banda Sonora Original)","Julio de la Rosa",2019-08-02,166000,7,31s2a2i5horgveyssarbvpwvccnq,2025-01-12T13:35:44Z,"","Atresmúsica distributed by Altafonte",0.57,0.291,2,-13.332,1,0.054,0.254,0.692,0.143,0.545,171.996,4
4429HtOlVhVEcJcozdY1Iv,"青玉案‧元夕","青玉案‧元夕","金然",2018-03-01,213238,44,31s2a2i5horgveyssarbvpwvccnq,2025-01-23T22:33:40Z,"gufeng","崔式（北京）音樂有限公司",0.602,0.661,7,-8.696,0,0.0269,0.351,0.782,0.34,0.608,139.956,4
5vCOxjAXFT4SzZLR8lbfWQ,"Bokyo - From Long Journey to Japan","Healing Collection II","Kiyoshi Yoshida",2002-09-03,126840,39,31s2a2i5horgveyssarbvpwvccnq,2025-01-23T22:33:54Z,"música clásica japonesa,música tradicional","Pacific Moon",0.258,0.231,9,-11.756,0,0.034,0.795,0.644,0.338,0.141,76.242,4
2EZ7eAA3cMAIkbDEd4N9CV,"Library Poets","Cozy Season","Lysander",2024-10-18,156964,49,31s2a2i5horgveyssarbvpwvccnq,2025-02-09T12:44:18Z,"","Aemeralds GmbH",0.444,0.0648,3,-25.207,1,0.0441,0.99,0.884,0.263,0.176,69.628,4
3dQZkgO5giGwfUZmBUZTsv,"China","Retreat","Rousseau",2010-03-09,257800,7,31s2a2i5horgveyssarbvpwvccnq,2025-02-09T12:50:05Z,"krautrock,rock progresivo","Musea",0.49,0.401,0,-16.04,1,0.0302,0.0368,0.084,0.164,0.641,129.323,4
37KhWbZSYvxJ3GmZGjOD1r,"In Limine","The Summer Portraits","Ludovico Einaudi",2025-01-31,352266,51,31s2a2i5horgveyssarbvpwvccnq,2025-02-09T12:59:31Z,"música neoclásica,clásica","Decca (UMO) (Classics)",0.169,0.0333,9,-29.362,0,0.0414,0.958,0.892,0.118,0.0532,89.43,4
5Y0hBfi0F1uGvuKpIXvr2C,"一剪梅","长江水","Fei Yu-ching",1983-01-01,229786,42,31s2a2i5horgveyssarbvpwvccnq,2025-02-15T21:40:08Z,"mandopop,c-pop,pop taiwanés","Universal Music Pte. Ltd.",0.392,0.436,6,-9.595,0,0.0383,0.736,0.0000651,0.122,0.209,140.335,4
2OKnb8Bp073NjsGYUxma6N,"For the Moon","For the Moon","Jamie Duffy",2025-02-14,171537,32,31s2a2i5horgveyssarbvpwvccnq,2025-02-24T13:55:56Z,"","Rubyworks Ltd.",0.172,0.203,0,-19.057,1,0.0356,0.935,0.683,0.133,0.147,75.077,3
6fJTCej3ybDO9fx8OEpjcA,"Sad Traveler (Ryoshu)","Sad Traveler (Ryoshu)","Eliott Tordo Erhu",2025-02-27,295909,24,31s2a2i5horgveyssarbvpwvccnq,2025-03-02T12:10:07Z,"","Eliott Tordo Erhu",0.0949,0.393,9,-9.68,0,0.0305,0.797,0.937,0.188,0.126,172.079,4
2MlUgaW37kmiDHf671haeM,"Silent Moon","Silent Moon","Eliott Tordo Erhu",2025-02-27,271907,13,31s2a2i5horgveyssarbvpwvccnq,2025-03-02T12:10:19Z,"","Eliott Tordo Erhu",0.184,0.328,8,-12.285,0,0.0347,0.926,0.906,0.11,0.076,137.782,5
0asMfagOnuzVCaKR9oU0bZ,"A Water Lily (Suiren)","A Water Lily (Suiren)","Eliott Tordo Erhu",2025-02-27,271666,19,31s2a2i5horgveyssarbvpwvccnq,2025-03-02T12:11:09Z,"","Eliott Tordo Erhu",0.235,0.134,6,-15.546,0,0.0368,0.959,0.899,0.125,0.123,75.178,4
31Ihhal3Ozj1ATOTG91ZYH,"The Force Theme","The Force Theme","Eliott Tordo Erhu",2021-12-11,207207,44,31s2a2i5horgveyssarbvpwvccnq,2025-03-02T12:11:30Z,"","iMD-EliottTordo",0.133,0.268,8,-12.672,1,0.034,0.886,0.884,0.143,0.0384,49.424,4
7HpIbYv3B6oSFVYWXcoZ1G,"Moonlight","Moonlight","Eliott Tordo Erhu",2025-02-27,246720,19,31s2a2i5horgveyssarbvpwvccnq,2025-03-02T12:11:30Z,"","Eliott Tordo Erhu",0.193,0.194,6,-16.35,0,0.0411,0.974,0.904,0.099,0.0883,78.511,4
1EimzTaLR2vuj539SuKky8,"Daughter of the Sea","Daughter of the Sea","Eliott Tordo Erhu",2020-01-24,216046,35,31s2a2i5horgveyssarbvpwvccnq,2025-03-02T12:11:30Z,"","iMD-EliottTordo",0.245,0.211,6,-12.262,0,0.0366,0.665,0,0.111,0.127,79.941,4
3WQyO0kLy1fVSEj3McJK7G,"The Riders of Rohan (The Lord of the Rings)","The Riders of Rohan (The Lord of the Rings)","Eliott Tordo Erhu",2022-10-28,247497,39,31s2a2i5horgveyssarbvpwvccnq,2025-03-02T12:11:30Z,"","iMD-EliottTordo",0.183,0.25,4,-13.587,0,0.0361,0.888,0.923,0.112,0.0368,112.261,3
4rVu7tGdhwMsIH6anMUwP0,"Service & Sacrifice","Service & Sacrifice","Eliott Tordo Erhu",2021-04-17,169289,40,31s2a2i5horgveyssarbvpwvccnq,2025-03-02T12:11:30Z,"","iMD-EliottTordo",0.136,0.168,2,-12.532,1,0.0363,0.92,0.902,0.0758,0.0351,142.687,3
5QjYg9zTLwGkzbZFpNJmRo,"The Last Agni Kai","The Last Agni Kai","Eliott Tordo Erhu,Victor Macabiès",2021-07-16,185546,38,31s2a2i5horgveyssarbvpwvccnq,2025-03-02T12:11:30Z,"","iMD-EliottTordo",0.219,0.38,10,-11.881,0,0.039,0.2,0.692,0.103,0.0353,133.277,4
696Td68rx3T7hk9bYna1QL,"Cherry Blossoms","Cherry Blossoms","Eliott Tordo Erhu",2025-02-27,285005,19,31s2a2i5horgveyssarbvpwvccnq,2025-03-02T12:11:40Z,"","Eliott Tordo Erhu",0.227,0.22,0,-13.587,0,0.0349,0.8,0.845,0.153,0.115,120.752,3
2Z8XcBiUlGpku7bmocPFId,"Soldier's Break","Suzume (Motion Picture Soundtrack)","RADWIMPS",2022-11-10,171786,33,31s2a2i5horgveyssarbvpwvccnq,2025-03-04T11:38:59Z,"anime,j-pop,rock japonés","voque ting",0.448,0.0711,5,-20.401,1,0.0519,0.978,0.475,0.139,0.202,117.731,4
68h654xntkez1ndKm1ZtNa,"Suzume's Departure","Suzume (Motion Picture Soundtrack)","Kazuma Jinnouchi,RADWIMPS",2022-11-10,329853,38,31s2a2i5horgveyssarbvpwvccnq,2025-03-04T11:39:36Z,"banda sonora,anime,j-pop,rock japonés","voque ting",0.116,0.137,10,-17.561,1,0.0357,0.911,0.828,0.124,0.0329,70.448,4
7pV23jobDXRpkS6sqYXA9E,"Shouganai","Natsukashi","Koide Akinori",2022-10-18,208000,28,31s2a2i5horgveyssarbvpwvccnq,2025-03-14T15:17:53Z,"","Wander World Music",0.279,0.239,4,-20.392,0,0.0327,0.81,0.878,0.0942,0.0544,104.975,4
20yZl7EGOGIcQxagUHCvPK,"Star revelation - Japanese ver.","KOKIA 25th Anniversary Best -The Lighthouse- vol.1","KOKIA",2023-11-22,253133,20,31s2a2i5horgveyssarbvpwvccnq,2025-03-25T19:26:00Z,"anime,j-pop","anco&co.",0.334,0.845,9,-4.095,0,0.0421,0.207,0.00925,0.0875,0.316,134.058,4
7H6ms7dF9c6CMdLKohtiqG,"我逢人","我逢人","Aun J-Classic Orchestra",2025-03-26,248000,16,31s2a2i5horgveyssarbvpwvccnq,2025-03-26T13:37:34Z,"música clásica japonesa,música tradicional","Heart-Tree",0.613,0.386,3,-13.817,0,0.0262,0.816,0.934,0.26,0.612,98.056,4
